2016;main;Silvia Abrahão;Universidad Politecnica de Valencia
2016;main;Shaukat Ali;Simula Research Laboratory
2016;main;João Araújo;Universidad Nova de Lisboa
2016;main;Uwe Assmann;Technische Universität Dresden
2016;main;Colin Atkinson;University of Mannheim
2016;main;Nelly Bencomo;Aston University
2016;main;Arnaud Blouin;INSA Rennes
2016;main;Lionel Briand;University of Luxembourg
2016;main;Manfred Broy;Technische Universität München
2016;main;Jean-Michel Bruel;University of Toulouse
2016;main;Walter Cazzola;Universita degli Studi di Milano
2016;main;Michel Chaudron;Dept of CS of Chalmers and Gothenburg University
2016;main;Tony Clark;Sheffield Hallam University
2016;main;Peter Clarke;Florida International University
2016;main;Philippe Collet;University of Nice
2016;main;Krzysztof Czarnecki;University of Waterloo
2016;main;Fabiano Dalpiaz;Utrecht University
2016;main;Julien DeAntoni;Polytech Nice
2016;main;Juergen Dingel;Queens University
2016;main;Zinovy Diskin;McMaster University and University of Waterloo
2016;main;Neil Ernst;Software Engineering Institute
2016;main;Alessandro Garcia;PUC-Rio
2016;main;Geri Georg;Colorado State University
2016;main;Holger Giese;Hasso Plattner Institute at the University of Potsdam
2016;main;Martin Gogolla;Universität Bremen
2016;main;Joel Greenyer;Leibniz Universität Hannover
2016;main;Giancarlo Guizzardi;Federal University of Espirito Santo
2016;main;Stefan Hanenberg;Universität Duisburg-Essen
2016;main;Reiko Heckel;University of Leicester
2016;main;Peter Herrmann;Norwegian University of Science and Technology
2016;main;Zhenjiang Hu;National Institute of Informatics
2016;main;Marouane Kessentini;University of Michigan
2016;main;Ferhat Khendek;Concordia University
2016;main;Jacques Klein;University of Luxembourg
2016;main;Juan De Lara;Universidad Autonoma de Madrid
2016;main;Henry Muccini;University of L’Aquila
2016;main;Gunter Mussbacher;McGill University
2016;main;Ileana Ober;IRIT Universite de Toulouse
2016;main;Richard Paige;University of York
2016;main;Dorina Petriu;Carleton University
2016;main;Arend Rensink;University of Twente
2016;main;Julia Rubin;MIT
2016;main;Bernhard Rumpe;RWTH Aachen University
2016;main;Ina Schaefer;Technische Universität Braunschweig
2016;main;Arnor Solberg;SINTEF
2016;main;Perdita Stevens;University of Edinburgh
2016;main;Eugene Syriani;Université de Montréal
2016;main;Andrzej Wasowski;IT University of Copenhagen
2016;main;Jon Whittle;University of Lancaster
2016;main;Manuel Wimmer;Technische Universität Wien
2016;main;Steffen Zschaler;King’s College London
2016;main;Achim Brucker;University of Sheffield
2016;main;Andreas Schmied;CapGemini
2016;main;Harald Ruess;fortiss
2016;main;Hardi Hungar;OFFIS
2016;main;Heiko Koziolek;ABB Corporate Research
2016;main;Jan Philipps;validas AG
2016;main;Jörg Dörr;Fraunhofer IESE
2016;main;Maged Elaasar;Jet Propulsion Laboratory
2016;main;Mike Whalen;University of Minnesota
2016;main;Oystein Haugen;Norway
2016;main;Ralf Reussner;Germany
2016;main;Rance Cleaveland;University of Maryland
2016;main;Robert Baillargeon;MethodPark
2016;main;Robert Eschbach;KSB
2016;main;Salvador Trujillo;Ikerlan
2016;main;Tao Yue;Simula Research Laboratory
2015;main;Silvia Abrahão;Universidad Politecnica de Valencia
2015;main;Daniel Amyot;University of Ottawa
2015;main;Mohsen Asadi;Simon Fraser University
2015;main;Don Batory;The University of Texas at Austin
2015;main;Nelly Bencomo;Aston University
2015;main;Xavier Blanc;Bordeaux University
2015;main;Alessandro Bozzon;Delft University of Technology
2015;main;Ruth Breu;Universitaet Innsbruck
2015;main;Manfred Broy;Fakultät für Informatik Technische Universität München
2015;main;Jean-Michel Bruel;University of Toulouse
2015;main;Michel Chaudron;Chalmers & Gothenburg University
2015;main;Marsha Chechik;University of Toronto
2015;main;Robert Clariso;Universitat Oberta de Catalunya
2015;main;Tony Clark;Middlesex University
2015;main;Siobhan Clarke;Trinity College Dublin
2015;main;Peter Clarke;Florida International University
2015;main;Manuel Clavel;IMDEA Software Institute
2015;main;Krzysztof Czarnecki;Universtiy of Waterloo
2015;main;Fabiano Dalpiaz;Utrecht University
2015;main;Gregor Engels;University of Paderborn
2015;main;Neil Ernst;Carnegie Mellon University
2015;main;Alessandro Garcia;Pontifical Catholic University of Rio de Janeiro
2015;main;Geri Georg;Colorado State University
2015;main;Sebastien Gerard;CEA List
2015;main;Martin Gogolla;University of Bremen
2015;main;Jeff Gray;University of Alabama
2015;main;John Grundy;Swinburne University of Technology
2015;main;Giancarlo Guizzardi;Federal University of Espirito Santo
2015;main;Reiko Heckel;Department of Computer Science University of Leicester
2015;main;Gerti Kappel;Vienna University of Technology
2015;main;Frederic Mallet;Universite Nice Sophia Antipolis
2015;main;Shahar Maoz;Tel Aviv University
2015;main;Tom Mens;University of Mons
2015;main;Raffaela Mirandola;Politecnico di Milano
2015;main;Henry Muccini;University of l'Aquila
2015;main;Shiva Nejati;University of Luxembourg
2015;main;Jeffrey Parsons;Memorial University
2015;main;Shaukat Ali;Simula Research Laboratory
2015;main;Robert Baillargeon;CloudOne
2015;main;Martin Becker;Fraunhofer IESE
2015;main;Francis Bordeleau;Ericsson
2015;main;Maged Elaasar;Jet Propulsion Laboratory
2015;main;Pavel Hruby;CSC
2015;main;Robert Karban;JPL
2015;main;Cornel Klein;Siemens AG Corporate Research & Technology CT NTF CAR
2015;main;Heiko Koziolek;ABB Corporate Research
2015;main;Vinay Kulkarni;Tata Consultancy Services
2015;main;Stephen J. Mellor;Independent Consultant
2015;main;Pieter Mosterman;MathWorks McGill University
2015;main;Isabelle Perseil;INSERM
2015;main;Rob Pettit;The Aerospace Corporation
2015;main;Ketil Stolen;SINTEF
2015;main;Stephan Thesing;Airbus Helicopters Deutschland GmbH
2015;main;Mario Trapp;Fraunhofer IESE
2015;main;Salvador Trujillo;IK4-IKERLAN Research Centre
2015;main;Markus Voelter;Independent/Itemis
2014;main;Daniel Amyot;University of Ottawa
2014;main;João Araújo;University of Lisbon
2014;main;Mira Balaban;Ben-Gurion University
2014;main;Benoit Baudry;INRIA
2014;main;Nelly Bencomo;Aston University
2014;main;Xavier Blanc;LABRI
2014;main;Ruth Breu;University of Innsbruck
2014;main;Jordi Cabot;Ecole des Mines de Nantes / INRIA
2014;main;Michel Chaudron;Dept of CS of Chalmers and Gothenburg University
2014;main;Marsha ChechikUniversity of Toronto;Canada
2014;main;Siobhan Clarke;Trinity College Dublin
2014;main;Juan de Lara;Universidad Autonoma de Madrid
2014;main;Zinovy Diskin;McMaster University and University of Waterloo
2014;main;Alexander Egyed;Johannes Kepler University
2014;main;Rik Eshuis;Eindhoven University of Technology
2014;main;Lidia Fuentes;Universidad de Malaga
2014;main;Alessandro Garcia;PUC-Rio
2014;main;Sebastien Gerard;CEA List
2014;main;Holger Giese;Hasso Plattner Institute at the University of Potsdam
2014;main;Jeff Gray;University of Alabama
2014;main;John Grundy;Swinburne University of Technology
2014;main;Reiko Heckel;University of Leicester
2014;main;Constance Heitmeyer;Naval Research Laboratory
2014;main;Peter Herrmann;Norwegian University of Science and Technology
2014;main;James Hill;Indiana University-Purdue University Indianapolis
2014;main;Zhenjiang Hu;National Institute of Informatics
2014;main;Ferhat Khendek;Concordia University
2014;main;Joerg Kienzle;McGill University
2014;main;Thomas Kuehne;Victoria University of Wellington
2014;main;Yvan Labiche;Carleton University
2014;main;Yves le Traon;University of Luxembourg
2014;main;Tim Lethbridge;University of Ottawa
2014;main;Frederic Mallet;Univ
2014;main;Shahar Maoz;Tel Aviv University
2014;main;Hong Mei;Peking University
2014;main;Dragan Milicev;University of Belgrade
2014;main;Raffaela Mirandola;Politecnico di Milano
2014;main;Henry Muccini;University of L'Aquila
2014;main;Shiva Nejati;SnT Centre
2014;main;Ileana Ober;IRIT Universite de Toulouse
2014;main;Alfonso Pierantonio;University of L'Aquila Italy
2014;main;Gianna Reggio;University of Genova
2014;main;Bernhard Rumpe;RWTH Aachen University
2014;main;Ina Schaefer;Technische Universität Braunschweig
2014;main;Friedrich Steimann;Fernuniversitaet in Hagen
2014;main;Gabriele Taentzer;Philipps-Universitaet Marburg
2014;main;Stavros Tripakis University of California;Berkeley
2014;main;Antonio Vallecillo;Universidad de Málaga
2014;main;Dániel Varró;Budapest University of Technology and Economics
2014;main;Andrzej Wasowski;IT University of Copenhagen
2014;main;Mike Whalen;University of Minnesota
2014;main;Tao Yue;Simula Research Laboratory
2014;main;Steffen Zschaler;King's College London
2013;main;Fabio Costa;Universidad Federal Goiás
2013;main;Eugene Syriani;University of Alabama
2013;main;Siobhán Clarke;Trinity College
2013;main;Benoit Combemale;University of Rennes 1
2013;main;Keith Duddy;Queensland University of Technology
2013;main;Alessandro Garcia;Pontifical Catholic University of Rio de Janeiro
2013;main;Jonathan Sprinkle;University of Arizona
2013;main;Pieter Van Gorp;University of Technology of Eindhoven
2013;main;Manuel Wimmer;Technical University of Wien
2013;main;Yan Liu;Concordia University
2013;main;Steffen Zschaler;Kings College
2013;main;Benoit Baudry;INRIA
2013;main;Javier Canovas Izquierdo;Ecole des Mines de Nantes
2013;main;Dimitrios Kolovos;University of York
2013;main;Juha-Pekka Tolvanen;Metacase
2013;main;Markus Voelter;independent/itemis
2013;main;Adam Wynne;Pacific Northwest National Laboratory
2013;main;Xiwei Xu;National ICT Australia
2013;main;Sudipto Ghosh;Colorado State University
2013;main;Benoit Baudry;INRIA/IRISA
2013;main;Brice Morin;SINTEF ICT
2013;main;Daniel Varro;Budapest University of Tech. and Economics
2013;main;Rob Pettit;The Aerospace Corporation
2013;main;Richard Paige;University of York
2013;main;Frank Weil;UniqueSoft
2013;main;Ethan Jackson;Microsoft Research
2013;main;Davide Di Ruscio;University of L'Aquila
2013;main;Marco Brambilla;Politecnico di Milano
2013;main;Jordi Cabot;INRIA/École des Mines de Nantes
2013;main;Antonio Cicchetti;Mälardalen University
2013;main;Juergen Dingel;Queen's University
2013;main;Gregor Engels;University of Paderborn
2013;main;Richard Paige;University of York
2013;main;Alfonso Pierantonio;University of L'Aquila
2013;main;Eugene Syriani;University of Alabama
2013;main;Janos Sztipanovits;Vanderbilt University
2013;main;Manuel Wimmer;Vienna University of Technology
2013;main;Vadim Zaytsev;Centrum Wiskunde & Informatica (CWI)
2013;main;Tim Lethbridge;University of Ottawa
2013;main;Perdita Stevens;University of Edinburgh
2013;main;Jocelyn Armarego;Murdoch University
2013;main;Pierre Bourque;ETS Montreal
2013;main;Marsha Chechik;University of Toronto
2013;main;Dan Chiorean;Universitatea Babes-Bolyai
2013;main;Peter J. Clarke;Florida International University
2013;main;Benoit Combemale;University of Rennes
2013;main;Jim Davies;University of Oxford
2013;main;Martin Gogolla;University of Bremen
2013;main;Gerti Kappel;Vienna University of Technology
2013;main;Martina Seidl;Johannes Kepler University of Linz
2013;main;Bran Selic;Malina Software Corporation
2013;main;Ven Yu Sien;HELP University College
2013;main;Yingfei Xiong;Peking University
2013;main;Martin Gogolla;University of Bremen
2013;main;Mohammad Chami;University of Applied Sciences Weingarten
2013;main;Michalis Famelis;University of Toronto
2013;main;Thomas Kistel;University of Applied Sciences Wildau
2013;main;Stefan Mijatov;Vienna University of Technology
2013;main;Wuliang Sun;Colorado State University
2013;main;Robert Walter;University of Duisburg
2013;main;Sean Whitsitt;University of Arizona
2013;main;Karolina Zurowska;Queens University
2012;main;Daniel Amyot;University of Ottawa/CANADA
2012;main;Don Batory;University of Texas at Austin/USA
2012;main;Benoit Baudry;INRIA/FRANCE
2012;main;Xavier Blanc;Université Bordeaux 1/FRANCE
2012;main;Jean-Michel Bruel;IRIT/FRANCE
2012;main;Jordi Cabot;École des Mines de Nantes/INRIA/FRANCE
2012;main;Alessandra Cavarra;University of Oxford/UK
2012;main;Michel Chaudron;Leiden University
2012;main;Siobhan Clarke;Trinity College Dublin/IRELAND
2012;main;Vittorio Cortellessa;Università dell'Aquila/ITALY
2012;main;Krzysztof Czarnecki;University of Waterloo/CANADA
2012;main;Jürgen Dingel;Queen's University/CANADA
2012;main;Alexander Egyed;Johannes Kepler University/AUSTRIA
2012;main;Gregor Engels;University of Paderborn/GERMANY
2012;main;Rik Eshuis;Eindhoven University of Technology/NETHERLANDS
2012;main;Alessandro Garcia;PUC-Rio/BRAZIL
2012;main;Holger Giese;University of Potsdam/GERMANY
2012;main;Sébastien Gérard;CEA List/FRANCE
2012;main;Sudipto Ghosh;Colorado State University/USA
2012;main;Jeff Gray;University of Alabama/USA
2012;main;Brian Henderson-Sellers;University of Technology Sydney/AUSTRIALIA
2012;main;Zhenjiang Hu;National Institute of Informatics/JAPAN
2012;main;Heinrich Hussmann;Ludwig-Maximilians-Universität München/GERMANY
2012;main;Paola Inverardi;Università dell'Aquila/ITALY
2012;main;Gerti Kappel;Vienna University of Technology/AUSTRIA
2012;main;Gabor Karsai;Vanderbilt University
2012;main;Alexander Knapp;University of Augsburg/GERMANY
2012;main;Ingolf Krüger;University of California-San Diego/USA
2012;main;Thomas Kühne;Victoria University of Wellington/NEW ZEALAND
2012;main;Yvan Labiche;Carleton University/CANADA
2012;main;Philippe Lahire;University of Nice/FRANCE
2012;main;Kevin Lano;King's College/UK
2012;main;Hong Mei;Peking University/CHINA
2012;main;Dragan Milicev;University of Belgrade/SERBIA
2012;main;Raffaela Mirandola;Politecnico di Milano/ITALY
2012;main;Ana Moreira;Universidade Nova de Lisboa/PORTUGAL
2012;main;Pierre-Alain Muller;University of Haute-Alsace/FRANCE
2012;main;Ileana Ober;IRIT/Université de Toulouse/FRANCE
2012;main;Richard Paige;University of York/UK
2012;main;Dorina Petriu;Carleton University/CANADA
2012;main;Alfonso Pierantonio;Università dell'Aquila/ITALY
2012;main;Alexander Pretschner;Karlsruhe Institute of Technology/GERMANY
2012;main;Gianna Reggio;University of Genoa/ITALY
2012;main;Andy Schürr;Technische Universität Darmstadt/GERMANY
2012;main;Arnor Solberg;SINTEF/NORWAY
2012;main;Jim Steel;University of Queensland/AUSTRALIA
2012;main;Gabriele Taentzer;Philipps-Universität Marburg/GERMANY
2012;main;Antonio Vallecillo;Universidad de Malaga/SPAIN
2012;main;Hans Vangheluwe;University of Antwerp/BELGIUM
2012;main;Dániel Varró;Budapest University of Technology and Economics/HUNGARY
2012;main;Michael Whalen;University of Minnesota/USA
2012;main;Jon Whittle;Lancaster University/UK
2012;main;Andrea Zisman;City University/UK
2012;main;Steffen Zschaler;King's College London/UK
2012;main;Alfred Aue;Cap Gemini/GERMANY
2012;main;Robert Baillargeon;Sodius/USA
2012;main;Balbir Barn;Middlesex University/UK
2012;main;Klaus Beetz;EIT ICT Labs/GERMANY
2012;main;Nelly Bencomo;INRIA/FRANCE
2012;main;Brian Berenbach;Siemens Corporate Research/USA
2012;main;Bezhad Bordbar;University of Birmingham/UK
2012;main;Rudolf Haggenmueller;ITEA/GERMANY
2012;main;Oystein Haugen;SINTEF/NORWAY
2012;main;Pavel Hruby;CSC/DENMARK
2012;main;Cornel Klein;Siemens/GERMANY
2012;main;Georg Kreuch;ATOS/AUSTRIA
2012;main;Vinay Kulkarni;Tata Consultancy Services/INDIA
2012;main;Thomas Mayerdorfer;Siemens/AUSTRIA
2012;main;Stephen J. Mellor;Independent Consultant/UK
2012;main;Dan Paulish;SCR/USA
2012;main;Isabelle Perseil;INSERM/FRANCE
2012;main;Rob Pettit;The Aerospace Corp./USA
2012;main;Bernhard Schätz;Technical University of Munich/GERMANY
2012;main;Wolfram Schulte;Microsoft/USA
2012;main;Sebastin Thoma;ATOS/GERMANY
2012;main;Juha-Pekka Tolvanen;MetaCase/FINLAND
2012;main;Laurence Tratt;King's College/UK
2012;main;Michael von der Beeck;BMW Group/GERMANY
2012;main;Frank Weil;UniqueSoft/USA
2011;main;Daniel Amyot;University of Ottawa
2011;main;Colin Atkinson;University of Mannheim
2011;main;Joanne M. Atlee;University of Waterloo
2011;main;Don Batory;UT Austin
2011;main;Benoit Baudry;INRIA
2011;main;Paulo Borba;Federal University of Pernambuco
2011;main;Ruth Breu;University of Innsbruck
2011;main;Lionel Briand;Simula Research Laboratory and University of Oslo
2011;main;Jean-Michel Bruel;University of Toulouse
2011;main;Jordi Cabot;INRIA / École des Mines de Nantes
2011;main;Michel Chaudron;Leiden University
2011;main;Marsha Chechik;University of Toronto
2011;main;Jane Cleland-Huang;DePaul University
2011;main;Krzysztof Czarnecki;University of Waterloo
2011;main;Juergen Dingel;Queens University
2011;main;Alexander Egyed;Johannes Kepler University
2011;main;Gregor Engels;University of Paderborn
2011;main;Rik Eshuis;Eindhoven University of Technology
2011;main;Robert France;Colorado State University
2011;main;Sébastien Gérard;CEA LIST
2011;main;Holger Giese;Hasso Plattner Institute
2011;main;Martin Glinz;Universität Zürich
2011;main;Martin Gogolla;University of Bremen
2011;main;Aniruddha Gokhale;Vanderbilt University
2011;main;Jeff Gray;University of Alabama
2011;main;John Grundy;Swinburne University of Technology
2011;main;Mark Harman;CREST Centre
2011;main;Øystein Haugen;SINTEF
2011;main;Mats Heimdahl;University of Minnesota
2011;main;Patrick Heymans;University of Namur
2011;main;John Howse;University of Brighton
2011;main;Zhenjiang Hu;National Institute of Informatics
2011;main;Heinrich Hussmann;Ludwig-Maximilians-Universität München
2011;main;Paola Inverardi;University of L'Aquila
2011;main;Jan Jürjens;TU Dortmund and Fraunhofer ISST
2011;main;Shmuel Katz;Technion - Israel Institute of Technology
2011;main;Gerti Kappel;Vienna University of Technology
2011;main;Gabor Karsai;Vanderbilt University
2011;main;Jörg Kienzle;McGill University
2011;main;Ingolf Krüger;UCSD
2011;main;Thomas Kühne;Victoria University of Wellington
2011;main;Jochen Kuester;IBM Research - Zurich
2011;main;Michael Lawley;CSIRO
2011;main;Timothy C. Lethbridge;University of Ottawa
2011;main;Hong MEI;Peking University
2011;main;Tom Mens;Université de Mons
2011;main;Ana Moreira;Universidade Nova de Lisboa
2011;main;Pierre-Alain Muller;Université de Haute-Alsace
2011;main;Richard Paige;University of York
2011;main;Mauro Pezzè;University of Lugano and University of Milano Bicocca
2011;main;Dorina C. Petriu;Carleton University
2011;main;Alfonso Pierantonio;University of L'Aquila
2011;main;Ivan Porres;Abo Akademi University
2011;main;Nicolas Rouquette;NASA JPL
2011;main;Bernhard Rumpe;RWTH Aachen University
2011;main;Andy Schürr;Technische Universität Darmstadt
2011;main;Bran Selic;Malina Software Corp.
2011;main;Miroslaw Staron;University of Gothenburg and Chalmers
2011;main;Perdita Stevens;University of Edinburgh
2011;main;Paul Strooper;University of Queensland
2011;main;Kevin Sullivan;University of Virginia
2011;main;Daniel Varro;Budapest University of Technology and Economics
2011;main;Eelco Visser;Delft University of Technology
2011;main;Liming Zhu;NICTA
2011;main;Steffen Zschaler;King's College
2010;main;Daniel Amyot;University of Ottawa
2010;main;Krishnakumar Balasubramanian;The MathWorks Inc.
2010;main;Don Batory;University of Texas
2010;main;Benoit Baudry;INRIA
2010;main;Behzad Bordbar;University of Birmingham
2010;main;Ruth Breu;University of Innsbruck
2010;main;Lionel Briand;Simula Research Lab and University of Oslo
2010;main;Jean-Michel Bruel;Université de Toulouse
2010;main;Jordi Cabot;INRIA- Ecole des Mines de Nantes
2010;main;Michel Chaudron;Leiden University
2010;main;Tony Clark;Middlesex University
2010;main;Vittorio Cortellessa;University of L'Aquila
2010;main;Krzysztof Czarnecki;University of Waterloo
2010;main;Juan de Lara;Universidad Autónoma de Madrid
2010;main;Jens Dietrich;Massey University
2010;main;Juergen Dingel;Queen's University
2010;main;Stephane Ducasse;INRIA Lille
2010;main;Keith Duddy;Queensland University of Technology
2010;main;Gregor Engels;University of Paderborn
2010;main;Franck Fleurey;SINTEF
2010;main;Robert B. France;Colorado State University
2010;main;David Frankel;SAP
2010;main;Lidia Fuentes;University of Malaga
2010;main;Dragan Gasevic;Athabasca University
2010;main;Geri Georg;Colorado State University
2010;main;Sébastien Gérard;CEA LIST
2010;main;Sudipto Ghosh;Colorado State University
2010;main;Holger Giese;Hasso Plattner Institute at the University of Potsdam
2010;main;Tudor Gîrba;University of Bern
2010;main;Martin Gogolla;University of Bremen
2010;main;Susanne Graf;VERIMAG
2010;main;Vincenzo Grassi;"University of Roma ""Tor Vergata"""
2010;main;Jeff Gray;University of Alabama
2010;main;John Grundy;Swinburne University of Technology
2010;main;Esther Guerra;Universidad Carlos III in Madrid
2010;main;Jun Han;Swinburne University of Technology
2010;main;Øystein Haugen;SINTEF
2010;main;Zhenjiang Hu;National Institute of Informatics
2010;main;Heinrich Hussmann;Universität München
2010;main;Paola Inverardi;University of L'Aquila
2010;main;Jan Jürjens;TU Dortmund and Fraunhofer ISST
2010;main;Audris Kalnins;University of Latvia
2010;main;Gerti Kappel;Vienna University of Technology
2010;main;Gabor Karsai;Vanderbilt University
2010;main;Jörg Kienzle;McGill University
2010;main;Ingolf Krüger;UC San Diego
2010;main;Jochen Küster;IBM Research - Zürich
2010;main;Thomas Kühne;Victoria University of Wellington
2010;main;Yvan Labiche;Carleton University
2010;main;Ralf Laemmel;University of Koblenz-Landau
2010;main;Michaël Lawley;CSIRO Australian e-Health Research Centre
2010;main;Timothy C. Lethbridge;University of Ottawa
2010;main;Tom Maibaum;McMaster University
2010;main;Radu Marinescu;Universitatea Politehnica Timisoara
2010;main;Dragan Milicev;University of Belgrad
2010;main;Birger Møller-Pedersen;University of Oslo
2010;main;Ana Moreira;Universidade Nova de Lisboa
2010;main;Pierre-Alain Muller;Université de Haute-Alsace
2010;main;Ileana Ober;IRIT
2010;main;Iulian Ober;Institut de Recherche en Informatique de Toulouse
2010;main;Richard Paige;University of York
2010;main;Robert Pettit;The Aerospace Corporation
2010;main;Alfonso Pierantonio;Università degli Studi dell´ Aquila
2010;main;Claudia Pons;University of La Plata
2010;main;Ivan Porres;Åbo Akademi University
2010;main;Gianna Reggio;Università di Genova
2010;main;Arend Rensink;University of Twente
2010;main;Ralf Reussner;Karlsruhe Institute of Technology
2010;main;Bernhard Rumpe;RWTH Aachen University
2010;main;Bernhard Schätz;TU München
2010;main;Andy Schürr;Technische Universität Darmstadt
2010;main;Bran Selic;Malina Software
2010;main;Michał Śmiałek;Warsaw University of Technology
2010;main;Arnor Solberg;SINTEF
2010;main;Perdita Stevens;University of Edinburgh
2010;main;Paul Strooper;The University of Queensland
2010;main;Tarja Systä;Tampere University of Technology
2010;main;Gabriele Taentzer;Philipps-Universität Marburg
2010;main;Juha-Pekka Tolvanen;MetaCase
2010;main;Laurence Tratt;Bournemouth University
2010;main;Antonio Vallecillo;Universidad de Málaga
2010;main;Dániel Varró;Budapest University of Technology and Economics
2010;main;Eelco Visser;Technical University of Delft
2010;main;Andrzej Wasowski;IT University of Copenhagen
2010;main;Jon Whittle;Lancaster University
2010;main;Andreas Winter;Carl von Ossietzky University
2010;main;Patrick Albert;IBM
2010;main;Robert Baillargeon;Panasonic Automotive Systems
2010;main;Edward Barkmeyer;National Institute of Standards & Technology
2010;main;Mariano Belaunde;Orange Labs
2010;main;Rao G Bhaskar;Motorola
2010;main;Behzad Bordbar;University of Birmingham
2010;main;Francis Bordeleau;Canada
2010;main;Tony Clark;Middlesex University
2010;main;Diarmuid Corcoran;Ericsson AB
2010;main;Rik Eshuis;Eindhoven University of Technology
2010;main;Huascar Espinoza;European Software Institute
2010;main;Andy Evans;Xactium
2010;main;Peter Fritzson;Linkoping University
2010;main;Geri Georg;Colorado State University
2010;main;Øystein Haugen;SINTEF
2010;main;Kenn Hussey;Independent Consultant
2010;main;Narendra Jussien;Ecole des Mines de Nantes
2010;main;Steven Kelly;MetaCase
2010;main;Jana Koehler;IBM Zurich Research Laboratory
2010;main;Vinay Kulkarni;Tata Consultancy Services
2010;main;Nikolai Mansourov;KDM Analytics
2010;main;Stephen Mellor;UK
2010;main;Ed Merks;itemis AG
2010;main;Dragan Milicev;University of Belgrade
2010;main;Hiroshi Miyazaki;Fujitsu
2010;main;Juan Carlos Molina Udaeta;CARE Technologies
2010;main;Pierre-Alain Muller;Université de Haute-Alsace
2010;main;Syed Salman Qadri;The Mathworks
2010;main;Nicolas Rouquette;Jet Propulsion Laboratory
2010;main;Ina Schieferdecker;TU Berlin/Fraunhofer FOKUS
2010;main;Bran Selic;Canada
2010;main;Richard Soley;Object Management Group
2010;main;Ingo Stürmer;Model Engineering Solutions GmbH
2010;main;Jun Sun;National University of Singapore
2010;main;Francois Terrier;CEA-LIST
2010;main;Laurence Tratt;Bournemouth University
2010;main;Markus Voelter;Voelter
2010;main;Michael von der Beeck;BMW Group
2010;main;Thomas Weigert;Missouri University of Science and Technology
2010;main;Frank Weil;Hengsoft
2010;main;Jon Whittle;Lancaster University
2010;main;Ed Willink;Thales Research and Technology Ltd
2009;main;Aditya Agrawal;The Mathworks Inc.
2009;main;Egidio Astesiano;Universitá di Genova
2009;main;Hernan Astudilo;Universidad Tecnica Federico Santa Maria
2009;main;Balasubramanian Krishnakumar;The MathWorks Inc.
2009;main;Laurent Balmeli;IBM
2009;main;Don Batory;University of Texas
2009;main;Benoit Baudry;INRIA
2009;main;Jean Bézivin;Université de Nantes
2009;main;Xavier Blanc;LIP6
2009;main;Ruth Breu;University of Innsbruck
2009;main;Lionel Briand;Simula Research Lab and University of Oslo
2009;main;Jean-Michel Bruel;Université de Toulouse
2009;main;Tony Clark;Thames Valley University
2009;main;Krzysztof Czarnecki;University of Waterloo
2009;main;Juan de Lara;Universidad Autónoma de Madrid
2009;main;Jens Dietrich;Massey University
2009;main;Juergen Dingel;Queen's University
2009;main;Stephane Ducasse;INRIA Lille
2009;main;Keith Duddy;Queensland University of Technology
2009;main;Alexander Egyed;Johannes Kepler University
2009;main;Gregor Engels;University of Paderborn
2009;main;Jean-Marie Favre;University of Grenoble
2009;main;Franck Fleurey;SINTEF
2009;main;Robert B. France;Colorado State University
2009;main;David Frankel;SAP
2009;main;Lidia Fuentes;University of Malaga
2009;main;Harald Gall;University of Zurich
2009;main;Dragan Gasevic;Athabasca University
2009;main;Geri Georg;Colorado State University
2009;main;Sébastien Gérard;CEA LIST
2009;main;Holger Giese;Hasso Plattner Institute at the University of Potsdam
2009;main;Tudor Gîrba;University of Bern
2009;main;Martin Gogolla;University of Bremen
2009;main;Susanne Graf;VERIMAG
2009;main;Emanuel Grant;University of North-Dakota
2009;main;Jeff Gray;University of Alabama at Birmingham
2009;main;John Grundy;University of Auckland
2009;main;Esther Guerra;Universidad Carlos III in Madrid
2009;main;Jun Han;Swinburne University of Technology
2009;main;Øystein Haugen;SINTEF
2009;main;Zhenjiang Hu;National Institute of Informatics
2009;main;Heinrich Hussmann;Universität München
2009;main;Jan Jurjens;Open University and MSRC
2009;main;Audris Kalnins;University of Latvia
2009;main;Gerti Kappel;Vienna University of Technology
2009;main;Gabor Karsai;Vanderbilt University
2009;main;Ingolf Krüger;UC San Diego
2009;main;Jochen Kuester;IBM Research
2009;main;Thomas Kühne;Victoria University of Wellington
2009;main;Ralf Laemmel;University of Koblenz-Landau
2009;main;Michele Lanza;University of Lugano
2009;main;Michaël Lawley;The Australian e-Health Research Centre
2009;main;Timothy C. Lethbridge;University of Ottawa
2009;main;Tom Maibaum;McMaster University
2009;main;Tiziana Margaria;University of Potsdam
2009;main;Radu Marinescu;Politehnica University of Timisoara
2009;main;Dragan Milicev;University of Belgrade
2009;main;Birger Møller-Pedersen;University of Oslo
2009;main;Ana Moreira;Universidade Nova de Lisboa
2009;main;Pierre-Alain Muller;Université de Haute-Alsace
2009;main;Ileana Ober;IRIT
2009;main;Richard Paige;University of York
2009;main;Dorina C. Petriu;Carleton University
2009;main;Alfonso Pierantonio;Università degli Studi dell´ Aquila
2009;main;Claudia Pons;University of La Plata
2009;main;Ivan Porres;Åbo Akademi University
2009;main;Alexander Pretschner;Fraunhofer IESE and TU Kaiserslautern
2009;main;Gianna Reggio;Università di Genova
2009;main;Arend Rensink;University of Twente
2009;main;Bernhard Rumpe;TU Braunschweig
2009;main;Bernhard Schätz;TU München
2009;main;Andy Schürr;Technische Universität Darmstadt
2009;main;Arnor Solberg;SINTEF
2009;main;Bran Selic;Malina Software
2009;main;Michał Smiałek;Warsaw University of Technology
2009;main;Perdita Stevens;University of Edinburgh
2009;main;Harald Störrle;University of Munich
2009;main;Juha-Pekka Tolvanen;MetaCase
2009;main;Laurence Tratt;Bournemouth University
2009;main;Axel Uhl;SAP AG
2009;main;Antonio Vallecillo;Universidad de Màlaga
2009;main;Pieter Van Gorp;Technical University of Eindhoven
2009;main;Dániel Varró;Budapest University of Technology and Economics
2009;main;Eelco Visser;Technical University of Delft
2009;main;Andrzej Wasowski;IT University of Copenhagen
2009;main;Jon Whittle;Lancaster University
2009;main;Andreas Winter;Universiy of Koblenz-Landau
2009;main;Robert Baillargeon;Panasonic Automotive Systems
2009;main;Francis Bordeleau;Canada
2009;main;Murray Cantor;IBM Rational Software
2009;main;Tony Clark;Thames Valley University
2009;main;Diarmuid Corcoran;Ericsson AB
2009;main;Andy Evans;Xactium
2009;main;Geri Georg;Colorado State University
2009;main;Øystein Haugen;SINTEF
2009;main;Steven Kelly;MetaCase
2009;main;Jana Koehler;IBM Zurich Research Laboratory
2009;main;Vinay Kulkarni;Tata Consultancy Services
2009;main;Nikolai Mansourov;KDM Analytics
2009;main;Stephen Mellor;UK
2009;main;Ed Merks;itemis AG
2009;main;Dragan Milicev;University of Belgrade
2009;main;Juan Carlos Molina;CARE Technologies
2009;main;Pierre-Alain Muller;Université de Haute-Alsace
2009;main;Nicolas Rouquette;Jet Propulsion Laboratory
2009;main;Ina Schieferdecker;Fraunhofer FOKUS
2009;main;Richard Soley;Object Management Group
2009;main;Ingo Stürmer;Model Engineering Solutions GmbH
2009;main;Francois Terrier;CEA-LIST
2009;main;Laurence Tratt;Bournemouth University
2009;main;Markus Voelter;Voelter
2009;main;Michael von der Beeck;BMW Group
2009;main;Ben Watson;Lockheed Martin Corporation
2009;main;Thomas Weigert;Missouri University of Science and Technology
2009;main;Frank Weil;Hengsoft
2009;main;Jon Whittle;Lancaster University
2008;main;Joao Araujo;Universidade Nova de Lisboa
2008;main;Uwe Assmann;University of Dresden
2008;main;Benoit Baudry;INRIA
2008;main;Xavier Blanc;LIP6
2008;main;Jean Bezivin;Universite de Nantes
2008;main;Paulo Borba;Federal University of Pernambuco
2008;main;Lionel Briand;Simula Research Laboratory
2008;main;Betty Cheng;Michigan State University
2008;main;Shigeru Chiba;Tokyo Institute of Technology
2008;main;Krzysztof Czarnecki;University of Waterloo
2008;main;Juergen Dingel;Queen's University
2008;main;Gregor Engels;University of Paderborn
2008;main;Alexander Egyed;Johannes Kepler University
2008;main;Jean-Marie Favre;University of Grenoble
2008;main;Bernhard Fischer;University of Southampton
2008;main;Robert France;Colorado State University
2008;main;Harald Gall;University of Zurich
2008;main;Dragan Gasevic;Athabasca University
2008;main;Geri Georg;Colorado State University
2008;main;Holger Giese;Hasso Plattner Institute
2008;main;Tudor Girba;University of Bern
2008;main;Martin Gogolla;University of Bremen
2008;main;Aniruddha Gokhale;Vanderbilt University
2008;main;Orla Greevy;University of Bern
2008;main;Paul Grunbacher;Johannes Kepler University
2008;main;John Grundy;University of Auckland
2008;main;Oystein Haugen;SINTEF
2008;main;Simon Helsen;SAP
2008;main;Robert Hirschfeld;Hasso-Plattner Institute
2008;main;Heinrich Hussmann;LMU
2008;main;Jean-Marc Jezequel;IRISA
2008;main;Gabor Karsai;Vanderbilt University/ISIS
2008;main;Jana Koehler;IBM Zurich Research Laboratory
2008;main;Rainer Koschke;Universitaet Bremen
2008;main;Thomas Kuhne;Victoria University of Wellington
2008;main;Vinay Kulkarni;Tata Consultancy Services
2008;main;Jochen Kuster;IBM Zurich Research Laboratory
2008;main;Ralf Lommel;University of Koblenz
2008;main;Michele Lanza;University of Lugano
2008;main;Michael Lawley;Queensland University of Technology
2008;main;Timothy C. Lethbridge;University of Ottawa
2008;main;Ed Merks;IBM
2008;main;Birger Muller-Pedersen;University of Oslo
2008;main;Ana Moreira;Universidade Nova de Lisboa
2008;main;Pierre-Alain Muller;Universite de Haute-Alsace
2008;main;Richard Paige;University of York
2008;main;Alexander Pretschner;ETH Zurich
2008;main;Gianna Reggio;Universite Di Genova
2008;main;Bernhard Rumpe;University of Braunschweig
2008;main;Andy Schurr;Technische Universitet Darmstadt
2008;main;Bran Selic;Malina Software Corp.
2008;main;Perdita Stevens;University of Edinburgh
2008;main;Eleni Stroulia;University of Alberta
2008;main;Gabriele Taentzer;Philipps-Universitet Marburg
2008;main;Juha-Pekka Tolvanen;MetaCase
2008;main;Laurence Tratt;Bournemouth University
2008;main;Axel Uhl;SAP
2008;main;Hans Vangheluwe;McGill University
2008;main;Daniel Varro;Budapest University of Technology and Economics
2008;main;Eelco Visser;Delft University of Technology
2008;main;Markus Voelter;Independent consultant
2008;main;Andrzej Wasowski;IT University of Copenhagen
2008;main;Thomas Weigert;Missouri University of Science and Technology
2008;main;Jon Whittle;Lancaster University
2006;main;Gabriela Beatriz Arévalo;LIFIA - Universidad Nacional de La Plata
2006;main;Colin Atkinson;University of Mannheim
2006;main;Thomas Baar;Ecole Polytechnique Fédéral de Lausanne
2006;main;Paul Baker;Motorola Labs
2006;main;Antonia Bertolino;ISTI-CNR
2006;main;Jean Bézivin;ATLAS Group (INRIA & LINA)
2006;main;Francis Bordeleau;Zeligsoft
2006;main;Lionel Briand;Simula Research Labs
2006;main;Shigeru Chiba;Tokyo Institute of Technology
2006;main;Siobhán Clarke;Trinity College Dublin
2006;main;Pascal Costanza;Vrije Universiteit brussel
2006;main;Krzysztof Czarnecki;University of Waterloo
2006;main;Serge Demeyer;University of Antwerp
2006;main;Christophe Dony;Montpellier-II University
2006;main;Stéphane Ducasse;LISTIC - Université de Savoie
2006;main;Gregor Engels;University of Paderborn
2006;main;Jean-Marie Favre;University of Grenoble
2006;main;Harald Gall;University of Zurich
2006;main;Geri Georg;Colorado State University
2006;main;Sudipto Ghosh;Colorado State University
2006;main;Martin Gogolla;University of Bremen
2006;main;Hassan Gomaa;George Mason U
2006;main;Susanne Graf;Verimag
2006;main;Øystein Haugen;University of Oslo
2006;main;Robert Hirschfeld;DoCoMo Euro-Labs
2006;main;Seongsoo Hong;Seoul National University
2006;main;Paola Inverardi;Università dell'Aquila
2006;main;Jean-Marc Jézéquel;IRISA (INRIA & Univ. Rennes 1)
2006;main;Jörg Kienzle;McGill University
2006;main;Thomas Kühne;Darmstadt University of Technology
2006;main;Michele Lanza;University of Lugano
2006;main;Timothy C. Lethbridge;University of Ottawa
2006;main;Radu Marinescu;Politehnica University of Timisoara
2006;main;Tom Mens;University of Mons-Hainaut
2006;main;Hafedh Mili;University of Quebec at Montreal
2006;main;Dragan Milicev;University of Belgrade
2006;main;Pierre-Alain Muller;IRISA/INRIA Rennes
2006;main;Robert G. Pettit IV;The Aerospace Corporation
2006;main;Alexander Pretschner;ETH Zurich
2006;main;Bernhard Rumpe;braunschweig University of Technology
2006;main;Douglas C. Schmidt;Vanderbilt University
2006;main;Jean-Guy Schneider;Swinburne University of Technology
2006;main;Bran Selic;IBM Canada
2006;main;Juha-Pekka Tolvanen;MetaCase
2006;main;Ellen Van Paesschen;Vrije Universiteit Brussel
2006;main;Alain Wegmann;EPFL
2006;main;Thomas Weigert;Motorola
2006;main;Claudia Maria Lima Werner;Federal University of Rio de Janeiro
2006;main;Jon Whittle;George Mason University
2006;main;Clay E. Williams;IBM Watson Research Center
2006;main;Alan Cameron Wills;Microsoft
2005;main;Mehmet Aksit;University of Twente
2005;main;Omar Aldawud;Lucent Technologies
2005;main;Ambrosio Toval Alvarez;Universidad de Murcia
2005;main;Erik Arisholm;Simula Research Laboratory
2005;main;Colin Atkinson;University of Mannheim
2005;main;Thomas Baar;EPFL
2005;main;Doo-Hwan Bae;KAIST
2005;main;Antonia Bertolino;CNR (the Italian National Research Council)
2005;main;Jean-Michel Bruel;Universite de Pau
2005;main;Christian Bunse;Fraunhofer IESE
2005;main;Alessandra Cavarra;Oxford University
2005;main;Betty H.C. Cheng;Michigan State University
2005;main;Steve Cook;Microsoft Corporation
2005;main;Stephane Ducasse;Universitaet Bern
2005;main;Gregor Engels;University of Paderborn
2005;main;Sudipto Ghosh;Colorado State University
2005;main;Martin Gogolla;Universitaet Bremen
2005;main;Hassan Gomaa;George Mason University
2005;main;Jean Hartmann;Microsoft
2005;main;Hong Mei;Peking University
2005;main;Heinrich Hussmann;University of Munich
2005;main;Ashish Jain;Telcordia Technologies
2005;main;Jean-Marc Jezequel;IRISA
2005;main;Philippe Kruchten;University of British Columbia
2005;main;Yvan Labiche;Carleton University
2005;main;Timothy C. Lethbridge;University of Ottawa
2005;main;Jonathan I. Maletic;Kent State University
2005;main;Tom Mens;Universite de Mons-Hainaut
2005;main;Richard Mitchell;InferData Ltd
2005;main;Ana Moreira;Universidade Nova de Lisboa
2005;main;Pierre-Alain Muller;University of Haute Alsace
2005;main;Oscar Nierstrasz;University of Berne
2005;main;Ivan Porres;Abo Akademi University
2005;main;Alexander Pretschner;ETH
2005;main;Kerry Raymond;University of Queensland
2005;main;Gianna Reggio;Universita di Genova
2005;main;Jaffar-Ur Rehman;Mohammad Ali Jinnah University
2005;main;Laurent Rioux;Thales Corp.
2005;main;Bernhard Rumpe;Technische Universitaet Braunschweig
2005;main;Peter H. Schmitt;Universitaet Karlsruhe
2005;main;Andy Schuerr;Darmstadt University of Technology
2005;main;Mark Schulte;Boeing
2005;main;Bran Selic;IBM Rational Software
2005;main;Liu Shaoying;Hosei University
2005;main;Perdita Stevens;University of Edinburgh
2005;main;Tong Sun;Xerox Corp
2005;main;Francois Terrier;CEA
2005;main;Jos Warmer;Ordina
2005;main;Ben Watson;Lockheed Martin Aeronautics
2005;main;Thomas Weigert;Motorola
2005;main;Jon Whittle;George Mason University
