2016;Davide Fucci,Giuseppe Scanniello,Simone Romano 0001,Martin J. Shepperd,Boyce Sigweni,Fernando Uyaguari Uyaguari,Burak Turhan,Natalia Juristo Juzgado,Markku Oivo;An External Replication on the Effects of Test-driven Development Using a Multi-site Blind Analysis Approach.;3:1-3:10;10;Agile;
2016;Stefan Voigt,Jorg von Garrel,Julia Muller,Dominic Wirth;A Study of Documentation in Agile Software Projects.;4:1-4:6;6;Agile;
2016;Kati Kuusinen,Peggy Gregory,Helen C. Sharp,Leonor Barroca;Strategies for doing Agile in a non-Agile Environment.;5:1-5:6;6;Agile;
2016;Junjie Wang,Qiang Cui,Qing Wang,Song Wang;Towards Effectively Test Report Classification to Assist Crowdsourced Testing.;6:1-6:10;10;Testing;
2016;Cleviton V. F. Monteiro,Fabio Q. B. da Silva,Luiz Fernando Capretz;The Innovative Behaviour of Software Engineers: Findings from a Pilot Case Study.;7:1-7:10;10;Behavioral studies;
2016;Ye Yang,Muhammad Rezaul Karim,Razieh Lotfalian Saremi,Guenther Ruhe;Who Should Take This Task?: Dynamic Decision Support for Crowd Workers.;8:1-8:10;10;Behavioral studies;
2016;Cleviton V. F. Monteiro,Fabio Q. B. da Silva,Luiz Fernando Capretz;A Pilot Case Study on Innovative Behaviour: Lessons Learned and Directions for Future Work.;9:1-9:6;6;Behavioral studies;
2016;Fabio Q. B. da Silva,Cesar Franca,Cleyton V. C. de Magalhaes,Ronnie E. S. Santos;Preliminary Findings about the Nature of Work in Software Engineering: An Exploratory Survey.;10:1-10:6;6;Behavioral studies;
2016;Daniel Honsel,Verena Honsel,Marlon Welter,Stephan Waack,Jens Grabowski;Monitoring Software Quality by Means of Simulation Methods.;11:1-11:6;6;Repository mining;
2016;Thomas Shippey,Tracy Hall,Steve Counsell,David Bowes;So You Need More Method Level Datasets for Your Software Defect Prediction?: Voil√†!;12:1-12:6;6;Repository mining;
2016;Fabio Calefato,Filippo Lanubile,Nicole Novielli;Moving to Stack Overflow: Best-Answer Prediction in Legacy Developer Forums.;13:1-13:10;10;Repository mining;
2016;Chunyang Chen,Zhenchang Xing;Mining Technology Landscape from Stack Overflow.;14:1-14:10;10;Repository mining;
2016;Edson Cesar Cunha de Oliveira,Tayana Conte,Marco Cristo,Emilia Mendes;Software Project Managers' Perceptions of Productivity Factors: Findings from a Qualitative Study.;15:1-15:6;6;Project and team productivity;
2016;Beth Yost,Michael J. Coblenz,Brad A. Myers,Joshua Sunshine,Jonathan Aldrich,Samuel Weber,Matthew Patron,Melissa Heeren,Shelley Krueger,Mark Pfaff;Software Development Practices, Barriers in the Field and the Relationship to Software Quality.;16:1-16:6;6;Project and team productivity;
2016;Ricardo Britto,Darja Smite,Lars-Ola Damm;Experiences from Measuring Learning and Performance in Large-Scale Distributed Software Development.;17:1-17:6;6;Project and team productivity;
2016;Rafael Prikladnicki,Marcelo Gattermann Perin,Sabrina Marczak;Virtual Team Configurations that Promote Better Product Quality.;18:1-18:5;5;Project and team productivity;
2016;Todd Sedano,Paul Ralph,Cecile Peraire;Sustainable Software Development through Overlapping Pair Rotation.;19:1-19:10;10;Project and team productivity;
2016;Jose Adson O. G. da Cunha,Fabio Q. B. da Silva,Hermano P. de Moura,Francisco J. S. Vasconcellos;Towards a Substantive Theory of Decision-Making in Software Project Management: Preliminary Findings from a Qualitative Study.;20:1-20:10;10;Project and team productivity;
2016;Yu Zhao,Feng Zhang 0001,Emad Shihab,Ying Zou,Ahmed E. Hassan;How Are Discussions Associated with Bug Reworking?: An Empirical Study on Open Source Projects.;21:1-21:10;10;Defects;
2016;Behjat Soltanifar,Atakan Erdem,Ayse Bener;Predicting Defectiveness of Software Patches.;22:1-22:10;10;Defects;
2016;Xue Han,Tingting Yu;An Empirical Study on Performance Bugs for Highly Configurable Software Systems.;23:1-23:10;10;Defects;
2016;Jorge Echeverria,Francisca Perez,Andres Abellanas,Jose Ignacio Panach,Carlos Cetina,Oscar Pastor;Evaluating Bug-Fixing in Software Product Lines: an Industrial Case Study.;24:1-24:6;6;Defects;
2016;Mariano Ceccato,Riccardo Scandariato;Static Analysis and Penetration Testing from the Perspective of Maintenance Teams.;25:1-25:6;6;Defects;
2016;Aram Hovsepyan,Riccardo Scandariato,Wouter Joosen;Is Newer Always Better?: The Case of Vulnerability Prediction Models.;26:1-26:6;6;Prediction models;
2016;S. M. Didar Al Alam,Dietmar Pfahl,Guenther Ruhe;Release Readiness Classification: An Explorative Case Study.;27:1-27:7;7;Prediction models;
2016;Luigi Lavazza,Sandro Morasca;Identifying Thresholds for Software Faultiness via Optimistic and Pessimistic Estimations.;28:1-28:10;10;Prediction models;
2016;Xin Xia,Emad Shihab,Yasutaka Kamei,David Lo,Xinyu Wang;Predicting Crashing Releases of Mobile Applications.;29:1-29:10;10;Prediction models;
2016;Wenhua Hu,Jeffrey Carver,Vaibhav K. Anu,Gursimran S. Walia,Gary L. Bradshaw;Detection of Requirement Errors and Faults via a Human Error Taxonomy: A Feasibility Study.;30:1-30:10;10;Software quality & safety;
2016;Harald Storrle;Diagram Size vs. Layout Flaws: Understanding Quality Factors of UML Diagrams.;31:1-31:10;10;Software quality & safety;
2016;Jose Luis de la Vara Gonzalez,Beatriz Marin,Giovanni Giachetti,Clara Ayora;Do Models Improve the Understanding of Safety Compliance Needs?: Insights from a Pilot Experiment.;32:1-32:6;6;Software quality & safety;
2016;Danilo Monteiro Ribeiro,Fabio Q. B. da Silva,Diana Valenca,Elyda L. S. X. Freitas,Cesar Franca;Advantages and Disadvantages of using Shared code from the Developers Perspective: A qualitative study.;33:1-33:6;6;Software quality & safety;
2016;Anurag Goswami,Gursimran S. Walia,Mark McCourt,Ganesh Padmanabhan;Using Eye Tracking to Investigate Reading Patterns and Learning Styles of Software Requirement Inspectors to Enhance Inspection Team Outcome.;34:1-34:10;10;Requirement Engineering;
2016;Maria Riaz,Jonathan Stallings,Munindar P. Singh,John Slankas,Laurie A. Williams;DIGS: A Framework for Discovering Goals for Security Requirements Engineering.;35:1-35:10;10;Requirement Engineering;
2016;Giuseppe Procaccianti,Patricia Lago,Wouter Diesveld;Energy Efficiency of ORM Approaches: an Empirical Evaluation.;36:1-36:10;10;Energy;
2016;Ajitha Rajan,Adel Noureddine,Panagiotis Stratis;A Study on the Influence of Software and Hardware Features on Program Energy.;37:1-37:10;10;Energy;
2016;Afnan A. Al-Subaihin,Federica Sarro,Sue Black,Licia Capra,Mark Harman,Yue Jia,Yuanyuan Zhang;Clustering Mobile Apps Based on Mined Textual Features.;38:1-38:10;10;Data analytics;
2016;Yan Sun,Qing Wang,Mingshu Li;Understanding the Contribution of Non-source Documents in Improving Missing Link Recovery: An Empirical Study.;39:1-39:10;10;Data analytics;
2016;Nemitari Ajienka,Andrea Capiluppi;Semantic Coupling Between Classes: Corpora or Identifiers?;40:1-40:6;6;Data analytics;
2016;Joop Aue,Michiel Haisma,Kristin Fjola Tomasdottir,Alberto Bacchelli;Social Diversity and Growth Levels of Open Source Software Projects on GitHub.;41:1-41:6;6;Data analytics;
2016;Juha Itkonen,Raoul Udd,Casper Lassenius,Timo Lehtonen;Perceived Benefits of Adopting Continuous Delivery Practices.;42:1-42:6;6;Continuous Delivery;
2016;Eric Knauss,Patrizio Pelliccione,Rogardt Heldal,Magnus Agren 0001,Sofia Hellman,Daniel Maniette;Continuous Integration Beyond the Team: A Tooling Perspective on Challenges in the Automotive Industry.;43:1-43:6;6;Continuous Delivery;
2016;Mojtaba Shahin,Muhammad Ali Babar,Liming Zhu;The Intersection of Continuous Deployment and Architecting Process: Practitioners' Perspectives.;44:1-44:10;10;Continuous Delivery;
2016;Eero I. Laukkanen,Timo O. A. Lehtinen,Juha Itkonen,Maria Paasivaara,Casper Lassenius;Bottom-up Adoption of Continuous Delivery in a Stage-Gate Managed Software Organization.;45:1-45:10;10;Continuous Delivery;
2016;Jean Petric,David Bowes,Tracy Hall,Bruce Christianson,Nathan Baddoo;Building an Ensemble for Software Defect Prediction Based on Diversity Selection.;46:1-46:10;10;Prediction models and measurement;
2016;Keisuke Miura,Shane McIntosh,Yasutaka Kamei,Ahmed E. Hassan,Naoyasu Ubayashi;The Impact of Task Granularity on Co-evolution Analyses.;47:1-47:10;10;Prediction models and measurement;
2016;Anandi Hira,Barry W. Boehm;Function Point Analysis for Software Maintenance.;48:1-48:6;6;Prediction models and measurement;
2016;William Taber,Dan Port;Staffing Strategies for Maintenance of Critical Software Systems at the Jet Propulsion Laboratory.;49:1-49:6;6;Prediction models and measurement;
2016;Anandi Hira,Barry W. Boehm;Using Software Non-Functional Assessment Process to Complement Function Points for Software Maintenance.;50:1-50:6;6;Prediction models and measurement;
2016;Cesar Franca,Eduardo Peixoto,Bruno Falcao,Cleviton Monteiro;The Obscure Process of Innovation Assessment: A Report of an Industrial Survey.;51:1-51:6;6;Prediction models and measurement;
2016;Sebastian Baltes,Stephan Diehl 0001;Worse Than Spam: Issues In Sampling Software Developers.;52:1-52:6;6;Empirical methods in software engineering;
2016;Katia Romero Felizardo,Emilia Mendes,Marcos Kalinowski,Erica Ferreira De Souza,Nandamudi L. Vijaykumar;Using Forward Snowballing to update Systematic Reviews in Software Engineering.;53:1-53:6;6;Empirical methods in software engineering;
2016;Nauman Bin Ali;Is effectiveness sufficient to choose an intervention?: Considering resource use in empirical software engineering.;54:1-54:6;6;Empirical methods in software engineering;
2016;Rafael Maiani de Mello,Guilherme Travassos;Surveys in Software Engineering: Identifying Representative Samples.;55:1-55:6;6;Empirical methods in software engineering;
2016;Jeffrey Carver,Oscar Dieste Tubio,Nicholas A. Kraft,David Lo,Thomas Zimmermann 0001;How Practitioners Perceive the Relevance of ESEM Research.;56:1-56:10;10;Empirical methods in software engineering;
2016;Bruno Cartaxo,Gustavo Pinto,Elton Vieira,Sergio Soares;Evidence Briefings: Towards a Medium to Transfer Knowledge from Systematic Reviews to Practitioners.;57:1-57:10;10;Empirical methods in software engineering;
2016;Jefferson Seide Molleri,Kai Petersen,Emilia Mendes;Survey Guidelines in Software Engineering: An Annotated Review.;58:1-58:6;6;Empirical methods in software engineering;
2015;Zephyrin Soh,Thomas Drioul,Pierre-Antoine Rappe,Foutse Khomh,Yann-Gael Gueheneuc,Naji Habra;Noises in Interaction Traces Data and Their Impact on Previous Research Studies.;1-10;10;Methodological Aspects;
2015;Paige Rodeghero,Collin McMillan;An Empirical Study on the Patterns of Eye Movement during Summarization Tasks.;11-20;10;Methodological Aspects;
2015;Emitza Guzman,Omar Aly,Bernd Brugge;Retrieving Diverse Opinions from App Reviews.;21-30;10;Methodological Aspects;
2015;Iftekhar Ahmed,Umme Ayda Mannan,Rahul Gopinath,Carlos Jensen;An Empirical Study of Design Degradation: How Software Projects Get Worse over Time.;31-40;10;Maintenance & Evolution I;
2015;Shizhe Fu,Beijun Shen;Code Bad Smell Detection through Evolutionary Data Mining.;41-49;9;Maintenance & Evolution I;
2015;Hirohisa Aman,Sousuke Amasaki,Takashi Sasaki,Minoru Kawahara;Empirical Analysis of Change-Proneness in Methods Having Local Variables with Long Names and Comments.;50-53;4;Maintenance & Evolution I;
2015;Diomidis Spinellis,Panos Louridas,Maria Kechagia;An Exploratory Study on the Evolution of C Programming in the Unix Operating System.;54-57;4;Maintenance & Evolution I;
2015;Yi Wang;Language Matters.;58-67;10;Human Aspects;
2015;Ye Yang,Razieh Lotfalian Saremi;Award vs. Worker Behaviors in Competitive Crowdsourcing Tasks.;68-77;10;Human Aspects;
2015;Subhajit Datta,Devarshi Bhatt,Manish Jain,Proshanta Sarkar,Santonu Sarkar;The Importance of Being Isolated: An Empirical Study on Chromium Reviews.;78-81;4;Human Aspects;
2015;Mohammad Rashid,Luca Ardito,Marco Torchiano;Energy Consumption Analysis of Algorithms Implementations.;82-85;4;Human Aspects;
2015;Philipp Diebold,Antonio Vetro,Daniel Mendez Fernandez;An Exploratory Study on Technology Transfer in Software Engineering.;86-95;10;Industry Interactions;
2015;Ayushi Rastogi,Suresh Thummalapenta,Thomas Zimmermann 0001,Nachiappan Nagappan,Jacek Czerwonka;Ramp-Up Journey of New Hires: Tug of War of Aids and Impediments.;96-105;10;Industry Interactions;
2015;Florian Grigoleit,Antonio Vetro,Philipp Diebold,Daniel Mendez Fernandez,Wolfgang Bohm;In Quest for Proper Mediums for Technology Transfer in Software Engineering.;106-109;4;Industry Interactions;
2015;Giuseppe Lami,Isabella Biscoglio,Fabio Falcini;Investigation on Common Software Process Weaknesses in Automotive.;110-117;8;Industry Interactions;
2015;Rafael Maiani de Mello,Kathryn T. Stolee,Guilherme H. Travassos;Investigating Samples Representativeness for an Online Experiment in Java Code Search.;118-127;10;Community Building/Infrastructure;
2015;Larissa Falcao,Waldemar Ferreira,Alex N. Borges,Vilmar Nepomuceno,Sergio Soares,Maria Teresa Baldassarre;An Analysis of Software Engineering Experiments Using Human Subjects.;128-131;4;Community Building/Infrastructure;
2015;Roberta M. M. Bezerra,Fabio Q. B. da Silva,Anderson M. Santana,Cleyton V. C. de Magalhaes,Ronnie E. S. Santos;Replication of Empirical Studies in Software Engineering: An Update of a Systematic Mapping Study.;132-135;4;Community Building/Infrastructure;
2015;Paivi Raulamo-Jurvanen,Mika V. Mantyla,Vahid Garousi;Citation and Topic Analysis of the ESEM Papers.;136-139;4;Community Building/Infrastructure;
2015;Simon M. Poulding,Kai Petersen,Robert Feldt,Vahid Garousi;Using Citation Behavior to Rethink Academic Impact in Software Engineering.;140-143;4;Community Building/Infrastructure;
2015;Jakob Mund,Daniel Mendez Fernandez,Henning Femmer,Jonas Eckhardt;Does Quality of Requirements Specifications Matter? Combined Results of Two Empirical Studies.;144-153;10;Requirements & Design;
2015;Silverio Martinez-Fernandez,Paulo Sergio Medeiros dos Santos,Claudia P. Ayala,Xavier Franch,Guilherme Travassos;Aggregating Empirical Evidence about the Benefits and Drawbacks of Software Reference Architectures.;154-163;10;Requirements & Design;
2015;Jonas Eckhardt,Daniel Mendez Fernandez,Andreas Vogelsang;How to Specify Non-Functional Requirements to Support Seamless Modeling? A Study Design and Preliminary Results.;164-167;4;Requirements & Design;
2015;Antonio Vetro,Wolfgang Bohm,Marco Torchiano;On the Benefits and Barriers When Adopting Software Modelling and Model Driven Techniques - An External, Differentiated Replication.;168-171;4;Requirements & Design;
2015;Leandro L. Minku,Federica Sarro,Emilia Mendes,Filomena Ferrucci;How to Make Best Use of Cross-Company Data for Web Effort Estimation?;172-181;10;Requirements & Design;
2015;Hennie Huijgens,Georgios Gousios,Arie van Deursen;Pricing via Functional Size - A Case Study of a Company's Portfolio of 77 Outsourced Projects.;182-191;10;Requirements & Design;
2015;Elvira-Maria Arvanitou,Apostolos Ampatzoglou,Alexander Chatzigeorgiou,Paris Avgeriou;Introducing a Ripple Effect Measure: A Theoretical and Empirical Validation.;192-201;10;Requirements & Design;
2015;Regina Hebig,Jesper Derehag,Michel R. V. Chaudron;Identifying Metrics' Biases When Measuring or Approximating Size in Heterogeneous Languages.;202-205;4;Requirements & Design;
2015;Naoki Ohsugi,Kyohei Fushida,Nobuto Inoguchi,Hiroyuki Arai,Hiroyuki Yamanaka,Takashi Niwa,Misa Fujinuki,Motohisa Tomura,Tuyoshi Kitani;Using Trac for Empirical Data Collection and Analysis in Developing Small and Medium-Sized Enterprise Systems.;206-214;9;Requirements & Design;
2015;Xinye Tang,Song Wang,Ke Mao;Will This Bug-Fixing Change Break Regression Testing?;215-224;10;Maintenance & Evolution II;
2015;Sebastian Baltes,Oliver Moseler,Fabian Beck,Stephan Diehl 0001;Navigate, Understand, Communicate: How Developers Locate Performance Bugs.;225-234;10;Maintenance & Evolution II;
2015;Carson Carroll,Davide Falessi,Vanessa Forney,Alexa Frances,Clemente Izurieta,Carolyn B. Seaman;A Mapping Study of Software Causal Factors for Improving Maintenance.;235-238;4;Maintenance & Evolution II;
2015;Bruno Cartaxo,Paulo Borba,Sergio Soares,Helio Fugimoto;Improving Performance and Maintainability of Object Cloning with Lazy Clones: An Empirical Evaluation.;239-246;8;Maintenance & Evolution II;
2015;Keheliya Gallaba,Ali Mesbah 0001,Ivan Beschastnikh;Don't Call Us, We'll Call You: Characterizing Callbacks in Javascript.;247-256;10;Code;
2015;Di Wu 0014,Lin Chen,Yuming Zhou,Baowen Xu;An Empirical Study on C++ Concurrency Constructs.;257-266;10;Code;
2015;Guilherme Cavalcanti,Paola R. G. Accioly,Paulo Borba;Assessing Semistructured Merge in Version Control Systems: A Replicated Experiment.;267-276;10;Code;
2014;Jussi Kasurinen,Kari Smolander;What do game developers test in their products?;1:1-1:10;10;Testing;
2014;Kim Sebastian Herzig,Nachiappan Nagappan;The impact of test ownership and team structure on the reliability and effectiveness of quality test runs.;2:1-2:10;10;Testing;
2014;Jorge E. Gonzalez,Natalia Juristo Juzgado,Sira Vegas;A systematic mapping study on testing technique experiments: has the situation changed since 2000?;3:1-3:4;4;Testing;
2014;Sebastian Bauersfeld,Tanja E. J. Vos,Nelly Condori-Fernandez,Alessandra Bagnato,Etienne Brosse;Evaluating the TESTAR tool in an industrial case study.;4:1-4:9;9;Testing;
2014;Dietmar Pfahl,Huishi Yin,Mika Mantyla,Jurgen Munch;How is exploratory testing used? A state-of-the-practice survey.;5:1-5:10;10;Defects;
2014;Serkan Kirbas,Alper Sen,Bora Caglayan,Ayse Bener,Rasim Mahmutogullari;The effect of evolutionary coupling on software defects: an industrial case study on a legacy system.;6:1-6:7;7;Defects;
2014;William Taber,Dan Port;Empirical and face validity of software maintenance defect models used at the jet propulsion laboratory.;7:1-7:7;7;Defects;
2014;Markus Borg,Per Runeson,Jens Johansson,Mika Mantyla;A replicated study on duplicate detection: using apache lucene to search among Android defects.;8:1-8:4;4;Defects;
2014;Elder Macedo Rodrigues,Rodrigo S. Saad,Flavio Moreira de Oliveira,Leandro T. Costa,Maicon Bernardino,Avelino Francisco Zorzo;Evaluating capture and replay and model-based performance testing tools: an empirical comparison.;9:1-9:8;8;Defects;
2014;Davide Fucci,Burak Turhan,Markku Oivo;Impact of process conformance on the effects of test-driven development.;10:1-10:10;10;Agile methods;
2014;Franz Zieris,Lutz Prechelt;On knowledge transfer skill in pair programming.;11:1-11:10;10;Agile methods;
2014;Nils Brede Moe,Darja Smite,Aivars Sablis,Anne-Lie Borjesson,Pia Andreasson;Networking in a large-scale distributed agile project.;12:1-12:8;8;Agile methods;
2014;Rafael Maiani de Mello,Pedro Correa da Silva,Guilherme Travassos;Sampling improvement in software engineering surveys.;13:1-13:4;4;Agile methods;
2014;Hakan Burden,Rogardt Heldal,Jonathan P. Whittle;Comparing and contrasting model-driven engineering at three large companies.;14:1-14:10;10;Modeling;
2014;Mark Staples,D. Ross Jeffery,June Andronick,Toby C. Murray,Gerwin Klein,Rafal Kolanski;Productivity for proof engineering.;15:1-15:4;4;Modeling;
2014;Antonio Girasella,Filippo Pagin;An UML-based approach to software development cost estimation.;16:1-16:5;5;Modeling;
2014;Beatriz Bernardez,Amador Duran Toro,Jose Antonio Parejo,Antonio Ruiz Cortes;A controlled experiment to evaluate the effects of mindfulness in software engineering.;17:1-17:10;10;Modeling;
2014;Chetan Arora 0002,Mehrdad Sabetzadeh,Lionel C. Briand,Frank Zimmer;Improving requirements glossary construction via clustering: approach and industrial case studies.;18:1-18:10;10;Requirements;
2014;Maya Daneva,Sabrina Marczak,Andrea Herrmann;Engineering of quality requirements as perceived by near-shore development centers' architects in eastern Europe: the hole in the whole.;19:1-19:10;10;Requirements;
2014;Constanza Lampasona,Philipp Diebold,Jonas Eckhardt,Rolf Schneider;Evaluation in practice: artifact-based requirements engineering and scenarios in smart mobility domains.;20:1-20:8;8;Requirements;
2014;Henning Femmer,Jan Kucera,Antonio Vetro;On the impact of passive voice requirements on domain modelling.;21:1-21:4;4;Requirements;
2014;Maria Riaz,John Slankas,Jason Tyler King,Laurie A. Williams;Using templates to elicit implied security requirements from functional requirements - a controlled experiment.;22:1-22:10;10;Security;
2014;Ming Fang,Munawar Hafiz;Discovering buffer overflow vulnerabilities in the wild: an empirical study.;23:1-23:10;10;Security;
2014;Matteo Giacalone,Federica Paci,Rocco Mammoliti,Rodolfo Perugino,Fabio Massacci,Claudio Selli;Security triage: an industrial case study on the effectiveness of a lean methodology to identify security requirements.;24:1-24:8;8;Security;
2014;Song Wang,Wen Zhang,Qing Wang;FixerCache: unsupervised caching active developers for diverse bug triage.;25:1-25:10;10;Maintenance;
2014;Steven Davies,Marc Roper;What's in a bug report?;26:1-26:10;10;Maintenance;
2014;Andriy V. Miranskyy,Bora Caglayan,Ayse Bener,Enzo Cialini;Effect of temporal collaboration network, maintenance activity, and experience on defect exposure.;27:1-27:8;8;Maintenance;
2014;Matthieu Caneill,Stefano Zacchiroli;Debsources: live and historical views on macro-level software evolution.;28:1-28:10;10;Evolution;
2014;Mini Shridhar,Bram Adams,Foutse Khomh;A qualitative analysis of software build system changes and build ownership styles.;29:1-29:10;10;Evolution;
2014;Jiaxin Zhu,Minghui Zhou,Audris Mockus;Patterns of folder use and project popularity: a case study of github repositories.;30:1-30:4;4;Evolution;
2014;Derek Reimanis,Clemente Izurieta,Rachael Luhr,Lu Xiao,Yuanfang Cai,Gabe Rudy;A replication case study to measure the architectural quality of a commercial system.;31:1-31:8;8;Evolution;
2014;A. Cesar C. Franca,Helen C. Sharp,Fabio Q. B. da Silva;Motivated software engineers are engaged and focused, while satisfied ones are happy.;32:1-32:8;8;Social/human aspects;
2014;Amiangshu Bosu,Jeffrey Carver;Impact of developer reputation on code review outcomes in OSS projects: an empirical investigation.;33:1-33:10;10;Social/human aspects;
2014;Saya Onoue,Hideaki Hata,Ken-ichi Matsumoto;Software population pyramids: the current and the future of OSS development communities.;34:1-34:4;4;Social/human aspects;
2014;Eduard Kuric,Maria Bielikova;Estimation of student's programming expertise.;35:1-35:4;4;Social/human aspects;
2014;Cagri Sahin,Lori L. Pollock,James A. Clause;How do code refactorings affect energy usage?;36:1-36:10;10;Patterns;
2014;Melissa R. Dale,Clemente Izurieta;Impacts of design pattern decay on system quality.;37:1-37:4;4;Patterns;
2014;Bruno Rossi,Barbara Russo;Evolution of design patterns: a replication study.;38:1-38:4;4;Patterns;
2014;Isaac Griffith,Clemente Izurieta;Design pattern decay: the case for class grime.;39:1-39:4;4;Patterns;
2014;Ashish Gupta,Thomas Zimmermann 0001,Christian Bird,Nachiappan Nagappan,Thirumalesh Bhat,Syed Emran;Mining energy traces to aid in software development: an empirical case study.;40:1-40:8;8;Patterns;
2014;Brandt Braunschweig,Carolyn B. Seaman;Measuring shared understanding in software project teams using pathfinder networks.;41:1-41:10;10;Measurement;
2014;Fernando Gonzalez-Ladron-de-Guevara,Marta Fernandez-Diego;ISBSG variables most frequently used for software effort estimation: a mapping review.;42:1-42:4;4;Measurement;
2014;Wilson Rosa,Raymond J. Madachy,Barry W. Boehm,Bradford Clark;Simple empirical software effort estimation model.;43:1-43:4;4;Measurement;
2014;Freddy Paz,Claudia Zapata,Jose Antonio Pow-Sang;An approach for effort estimation in incremental software development using cosmic function points.;44:1-44:4;4;Measurement;
2014;Nauman Bin Ali,Kai Petersen;Evaluating strategies for study selection in systematic literature studies.;45:1-45:4;4;Empirical methods;
2014;Claes Wohlin;Writing for synthesis of evidence in empirical software engineering.;46:1-46:4;4;Empirical methods;
2014;Danilo Monteiro Ribeiro,Marcos Cardoso,Fabio Q. B. da Silva,Cesar Franca;Using qualitative metasummary to synthesize empirical findings in literature reviews.;47:1-47:4;4;Empirical methods;
2014;Rafael Maiani de Mello,Pedro Correa da Silva,Per Runeson,Guilherme Travassos;Towards a framework to support large scale sampling in software engineering surveys.;48:1-48:4;4;Empirical methods;
2014;Stefan Biffl,Marcos Kalinowski,Fajar J. Ekaputra,Amadeu Anderlin Neto,Tayana Conte,Dietmar Winkler;Towards a semantic knowledge base on threats to validity and control actions in controlled experiments.;49:1-49:4;4;Empirical methods;
2014;Alex N. Borges,Waldemar Ferreira,Emanoel Barreiros,Adauto Almeida,Liliane Fonseca,Eudis Teixeira,Diogo Silva,Aline Alencar,Sergio Soares;Support mechanisms to conduct empirical studies in software engineering.;50:1-50:4;4;Empirical methods;
2014;Yujuan Jiang,Bram Adams,Foutse Khomh,Daniel M. German;Tracing back the history of commits in low-tech reviewing environments: a case study of the Linux kernel.;51:1-51:10;10;SE in practice;
2014;Philipp Diebold,Antonio Vetro;Bridging the gap: SE technology transfer into practice: study design and preliminary results.;52:1-52:4;4;SE in practice;
2014;Ronnie E. S. Santos,Cleyton V. C. de Magalhaes,Fabio Q. B. da Silva;The use of systematic reviews in evidence based software engineering: a systematic mapping study.;53:1-53:4;4;SE in practice;
2014;Dan Port,Tung Bui,Joel M. Wilf,Yuki Kobayashi,Yuko Miyamoto;What we have learned about the value of software assurance.;54:1-54:8;8;SE in practice;
2014;Fabian Fagerholm,Alejandro Sanchez Guinea,Jurgen Munch,Jay Borenstein;The role of mentoring and project characteristics for onboarding in open source software projects.;55:1-55:10;10;Distributed development;
2014;Fabio Calefato,Filippo Lanubile,Rafael Prikladnicki,Joao Henrique Stocker Pinto;An empirical simulation-based study of real-time speech translation for multilingual global project teams.;56:1-56:9;9;Distributed development;
2014;Vladimir A. Rubin,Alexey A. Mitsyuk,Irina A. Lomazova,Wil M. P. van der Aalst;Process mining can be applied to software too!;57:1-57:8;8;Distributed development;
2014;Daniel Mendez Fernandez,Saahil Ognawala,Stefan Wagner 0001,Maya Daneva;Where do we stand in requirements engineering improvement today?: first results from a mapping study.;58:1-58:4;4;Distributed development;
2014;Anh Nguyen Duc,Audris Mockus,Randy L. Hackbarth,John Douglas Palframan;Forking and coordination in multi-platform development: a case study.;59:1-59:10;10;Releases;
2014;S. M. Didar Al Alam,S. M. Shahnewaz,Dietmar Pfahl,Gunther Ruhe;Monitoring bottlenecks in achieving release readiness: a retrospective case study across ten OSS projects.;60:1-60:4;4;Releases;
2014;Noureddine Kerzazi,Foutse Khomh;Factors impacting rapid releases: an industrial case study.;61:1-61:8;8;Releases;
2014;Michael Felderer,Armin Beer,Jason Ho,Gunther Ruhe;Industrial evaluation of the impact of quality-driven release planning.;62:1-62:8;8;Releases;
2013;Marco Piccioni,Carlo A. Furia,Bertrand Meyer;An Empirical Study of API Usability.;5-14;10;Full Papers;
2013;Mona Erfani Joorabchi,Ali Mesbah 0001,Philippe Kruchten;Real Challenges in Mobile App Development.;15-24;10;Full Papers;
2013;Alexander Delater,Barbara Paech;Tracing Requirements and Source Code during Software Development: An Empirical Study.;25-34;10;Full Papers;
2013;Chetan Arora 0002,Mehrdad Sabetzadeh,Lionel C. Briand,Frank Zimmer,Raul Gnaga;Automatic Checking of Conformance to Requirement Boilerplates via Text Chunking: An Industrial Case Study.;35-44;10;Full Papers;
2013;Zhimin He,Fayola Peters,Tim Menzies,Ye Yang;Learning from Open-Source Projects: An Empirical Study on Defect Prediction.;45-54;10;Full Papers;
2013;Frolin S. Ocariza Jr.,Kartik Bajaj,Karthik Pattabiraman,Ali Mesbah 0001;An Empirical Study of Client-Side JavaScript Bugs.;55-64;10;Full Papers;
2013;Andrew Meneely,Harshavardhan Srinivasan,Ayemi Musa,Alberto Rodriguez Tejeda,Matthew Mokary,Brian Spates;When a Patch Goes Bad: Exploring the Properties of Vulnerability-Contributing Commits.;65-74;10;Full Papers;
2013;Brendan Murphy,Christian Bird,Thomas Zimmermann 0001,Laurie A. Williams,Nachiappan Nagappan,Andrew Begel;Have Agile Techniques been the Silver Bullet for Software Development at Microsoft?;75-84;10;Full Papers;
2013;Ville Heikkila,Maria Paasivaara,Casper Lassenius;ScrumBut, But Does it Matter? A Mixed-Method Study of the Planning Process of a Multi-team Scrum Organization.;85-94;10;Full Papers;
2013;Viktoria Gulliksen Stray,Yngve Lindsjorn,Dag I. K. Sjoberg;Obstacles to Efficient Daily Meetings in Agile Development Projects: A Case Study.;95-102;8;Full Papers;
2013;Davide Fucci,Burak Turhan;A Replicated Experiment on the Effectiveness of Test-First Development.;103-112;10;Full Papers;
2013;Xiaozhen Xue,Akbar Siami Namin;How Significant is the Effect of Fault Interactions on Coverage-Based Fault Localizations?;113-122;10;Full Papers;
2013;Darja Smite,Daniela Cruzes;Expectations and Achievements: A Longitudinal Study on an Offshoring Strategy.;123-132;10;Full Papers;
2013;Amiangshu Bosu,Jeffrey Carver;Impact of Peer Code Review on Peer Impression Formation: A Survey.;133-142;10;Full Papers;
2013;David Budgen,Barbara A. Kitchenham,Stuart M. Charters,Shirley Gibbs,Amnart Pohthong,Jacky W. Keung,Pearl Brereton;Lessons from Conducting a Distributed Quasi-experiment.;143-152;10;Full Papers;
2013;Fabio Q. B. da Silva,Shirley S. J. O. Cruz,Tatiana B. Gouveia,Luiz Fernando Capretz;Using Meta-ethnography to Synthesize Research: A Worked Example of the Relations between Personality and Software Team Processes.;153-162;10;Full Papers;
2013;Katsiaryna Labunets,Fabio Massacci,Federica Paci,Le Minh Sang Tran;An Experimental Comparison of Two Risk-Based Security Methods.;163-172;10;Full Papers;
2013;Damir Azhar,Patricia Riddle,Emilia Mendes,Nikolaos Mittas,Lefteris Angelis;Using Ensembles for Web Effort Estimation.;173-182;10;Full Papers;
2013;Sebastian Nanz,Scott West,Kaue Soares da Silveira,Bertrand Meyer;Benchmarking Usability and Performance of Multicore Languages.;183-192;10;Full Papers;
2013;Song Wang,Wen Zhang,Ye Yang,Qing Wang;DevNet: Exploring Developer Collaboration in Heterogeneous Networks of Bug Repositories.;193-202;10;Full Papers;
2013;Jeffrey Carver,Edgar Hassler,Elis Hernandes,Nicholas A. Kraft;Identifying Barriers to the Systematic Literature Review Process.;203-212;10;Full Papers;
2013;Martin Solari;Identifying Experimental Incidents in Software Engineering Replications.;213-222;10;Full Papers;
2013;Jessica Jung,Kai Hofig,Dominik Domis,Andreas Jedlitschka,Martin Hiller;Experimental Comparison of Two Safety Analysis Methods and Its Replication.;223-232;10;Full Papers;
2013;Stefan Biffl,Estefania Serral,Dietmar Winkler,Nelly Condori-Fernandez,Oscar Dieste Tubio,Natalia Juristo Juzgado;Replication Data Management: Needs and Solutions - An Initial Evaluation of Conceptual Approaches for Integrating Heterogeneous Replication Study Data.;233-242;10;Full Papers;
2013;Markus Borg,Per Runeson;IR in Software Traceability: From a Bird's Eye View.;243-246;4;Short Papers;
2013;Jialiang Xie,Minghui Zhou,Audris Mockus;Impact of Triage: A Study of Mozilla and Gnome.;247-250;4;Short Papers;
2013;Kathryn T. Stolee,Sebastian G. Elbaum;On the Use of Input/Output Queries for Code Search.;251-254;4;Short Papers;
2013;Apostolos Ampatzoglou,Antonios Gkortzis,Sofia Charalampidou,Paris Avgeriou;An Embedded Multiple-Case Study on OSS Design Quality Assessment across Domains.;255-258;4;Short Papers;
2013;Jeffrey Stuckman,Kent Wills,James M. Purtilo;Evaluating Software Product Metrics with Synthetic Defect Data.;259-262;4;Short Papers;
2013;David Budgen,Barbara A. Kitchenham,Pearl Brereton;The Case for Knowledge Translation.;263-266;4;Short Papers;
2013;Birgit Penzenstadler,Daniel Mendez Fernandez,Jonas Eckhardt;Understanding the Impact of Artefact-Based RE - Design of a Replication Study.;267-270;4;Short Papers;
2013;Varsha Veerappa,Rachel Harrison;An Empirical Validation of Coupling Metrics Using Automated Refactoring.;271-274;4;Short Papers;
2013;Lucas Layman,Gunnar Sigurdsson;Using Amazon's Mechanical Turk for User Studies: Eight Things You Need to Know.;275-278;4;Short Papers;
2013;Rafael Maiani de Mello,Guilherme Travassos;Would Sociable Software Engineers Observe Better?;279-282;4;Short Papers;
2013;Toshiki Mori,Shurei Tamura,Shingo Kakui;Incremental Estimation of Project Failure Risk with Naive Bayes Classifier.;283-286;4;Short Papers;
2013;Federico Tomassetti,Marco Torchiano,Antonio Vetro;Classification of Language Interactions.;287-290;4;Short Papers;
2013;Itzel Dominguez Mendoza,D. Richard Kuhn,Raghu Kacker,Yu Lei;CCM: A Tool for Measuring Combinatorial Coverage of System State Space.;291;1;Short Papers;
2013;Ronnie E. S. Santos,Fabio Q. B. da Silva;Motivation to Perform Systematic Reviews and their Impact on Software Engineering Practice.;292-295;4;Short Papers;
2013;Christopher Marshall,Pearl Brereton;Tools to Support Systematic Literature Reviews in Software Engineering: A Mapping Study.;296-299;4;Short Papers;
2013;John Noll,Dominik Seichter,Sarah Beecham;Can Automated Text Classification Improve Content Analysis of Software Project Data?;300-303;4;Short Papers;
2013;Peter M. Kruse,Nelly Condori-Fernandez,Tanja E. J. Vos,Alessandra Bagnato,Etienne Brosse;Combinatorial Testing Tool Learnability in an Industrial Environment.;304-312;9;Industrial Papers;
2013;Carol Passos,Daniela Cruzes,Arthur Hayne,Manoel Gomes de Mendonca Neto;Recommendations to the Adoption of New Software Practices: A Case Study of Team Intention and Behavior in Three Software Companies.;313-322;10;Industrial Papers;
2013;Carla Fernandez-Corrales,Marcelo Jenkins,Jorge Villegas;Application of Statistical Process Control to Software Defect Metrics: An Industry Experience Report.;323-331;9;Industrial Papers;
2013;Duy Cu Nguyen,Bilha Mendelson,Daniel Citron,Onn Shehory,Tanja E. J. Vos,Nelly Condori-Fernandez;Evaluating the FITTEST Automated Testing Tools: An Industrial Case Study.;332-339;8;Industrial Papers;
2013;Diego Delgado,Alexandra Martinez;Cost Effectiveness of Unit Testing: A Case Study in a Financial Institution.;340-347;8;Industrial Papers;
2013;Lina Lagerberg,Tor Skude,Par Emanuelsson,Kristian Sandahl,Daniel Stahl;The Impact of Agile Principles and Practices on Large-Scale Software Development Projects: A Multiple-Case Study of Two Projects at Ericsson.;348-356;9;Industrial Papers;
2013;Taneli Taipale,Mika Qvist,Burak Turhan;Constructing Defect Predictors and Communicating the Outcomes to Practitioners.;357-362;6;Industrial Papers;
2013;Gul Calikli,Ayse Bener,Turgay Aytac,Ovunc Bozcan;Towards a Metric Suite Proposal to Quantify Confirmation Biases of Developers.;363-372;10;Industrial Papers;
2013;Daniel Port,Joel M. Wilf;The Value of Certifying Software Release Readiness: An Exploratory Study of Certification for a Critical System at JPL.;373-382;10;Industrial Papers;
2013;Lucas Layman,Madeline Diep,Meiyappan Nagappan,Janice A. Singer,Robert DeLine,Gina Danielle Venolia;Debugging Revisited: Toward Understanding the Debugging Needs of Contemporary Software Developers.;383-392;10;Industrial Papers;
2012;Carol Passos,Daniela Cruzes,Tore Dyba,Manoel Gomes de Mendonca Neto;Challenges of applying ethnography to study software practices.;9-18;10;Full papers:research methodological issues;
2012;Tore Dyba,Dag I. K. Sjoberg,Daniela Cruzes;What works for whom, where, when, and why?: on the role of context in empirical software engineering.;19-28;10;Full papers:research methodological issues;
2012;Samireh Jalali,Claes Wohlin;Systematic literature studies: database searches vs. backward snowballing.;29-38;10;Full papers:research methodological issues;
2012;Davide Tosi,Luigi Lavazza,Sandro Morasca,Davide Taibi;On the definition of dynamic software measures.;39-48;10;Full papers:software metrics;
2012;Mel O Cinneide,Laurence Tratt,Mark Harman,Steve Counsell,Iman Hemati Moghadam;Experimental assessment of software metrics using automated refactoring.;49-58;10;Full papers:software metrics;
2012;Maximilian Steff,Barbara Russo;Characterizing the roles of classes and their fault-proneness through change metrics.;59-68;10;Full papers:software metrics;
2012;Dana Sulistiyo Kusumo,Mark Staples,Liming Zhu,D. Ross Jeffery;Analyzing differences in risk perceptions between developers and acquirers in OTS-based custom software projects using stakeholder analysis.;69-78;10;Full papers:methodologies;
2012;Cheng Zhang,David Budgen,Sarah Drummond;Using a follow-on survey to investigate why use of the visitor, singleton & facade patterns is controversial.;79-88;10;Full papers:methodologies;
2012;Kenneth Hullett,Nachiappan Nagappan,Eric Schuh,John Hopson;Empirical analysis of user data in game software development.;89-98;10;Full papers:methodologies;
2012;Masateru Tsunoda,Sousuke Amasaki,Akito Monden;Handling categorical variables in effort estimation.;99-102;4;Short papers:maintenance and effort estimation;
2012;Marta Fernandez-Diego,Jose-Maria Torralba-Martinez;Discretization methods for NBC in effort estimation: an empirical comparison based on ISBSG projects.;103-106;4;Short papers:maintenance and effort estimation;
2012;Dag I. K. Sjoberg,Bente Cecilie Dahlum Anda,Audris Mockus;Questioning software maintenance metrics: a comparative case study.;107-110;4;Short papers:maintenance and effort estimation;
2012;Maximilian Steff,Barbara Russo,Gunther Ruhe;Evolution of features and their dependencies - an explorative study in OSS.;111-114;4;Short papers:maintenance and effort estimation;
2012;Mark Przepiora,Reza Karimpour,Gunther Ruhe;A hybrid release planning method and its empirical justification.;115-118;4;Short papers:maintenance and effort estimation;
2012;Ulrich Stark,Lutz Prechelt,Ilija Jolevski;Plat_Forms 2011: finding emergent properties of web application development platforms.;119-128;10;Full papers:empirical studies & systematic reviews;
2012;Nguyen Duc Anh,Daniela Cruzes,Reidar Conradi;Dispersion, coordination and performance in global software teams: a systematic review.;129-138;10;Full papers:empirical studies & systematic reviews;
2012;Pilar Rodriguez Marin,Jouni Markkula,Markku Oivo,Kimmo Turula;Survey on agile and lean usage in finnish software industry.;139-148;10;Full papers:empirical studies & systematic reviews;
2012;Forrest Shull,Carolyn B. Seaman,Madeline Diep;Analyzing inspection data for heuristic effectiveness.;149-152;4;Short papers:methods and principles;
2012;Adrian Fernandez,Silvia Mara Abrahao,Emilio Insfran Pelozo,Maristella Matera;Further analysis on the validation of a usability inspection method for model-driven web development.;153-156;4;Short papers:methods and principles;
2012;Roel Wieringa,Nelly Condori-Fernandez,Maya Daneva,Bela Mutschler,Oscar Pastor;Lessons learned from evaluating a checklist for reporting experimental and observational research.;157-160;4;Short papers:methods and principles;
2012;Reghu Anguswamy,William B. Frakes;A study of reusability, complexity, and reuse design principles.;161-164;4;Short papers:methods and principles;
2012;Constanza Lampasona,Oleg Rostanin,Heiko Maus;Seamless integration of order processing in MS outlook using smartoffice: an empirical evaluation.;165-168;4;Short papers:methods and principles;
2012;Emanuel Giger,Marco D'Ambros,Martin Pinzger,Harald C. Gall;Method-level bug prediction.;171-180;10;Full papers:prediction;
2012;Brandt Braunschweig,Neha Dhage,Maria Jose Viera,Carolyn B. Seaman,Sreedevi Sampath,Gunes Koru;Studying volatility predictors in open source software.;181-190;10;Full papers:prediction;
2012;Jue Wang,Hongyu Zhang;Predicting defect numbers based on defect state transition models.;191-200;10;Full papers:prediction;
2012;Breno Alexandro Ferreira de Miranda,Eduardo Henrique da Silva Aranha,Juliano Manabu Iyoda;Recommender systems for manual testing: deciding how to assign tests in a test team.;201-210;10;Full papers:testing and inspection;
2012;Nauman Bin Ali,Kai Petersen,Mika Mantyla;Testing highly complex system of systems: an industrial case study.;211-220;10;Full papers:testing and inspection;
2012;Narendar Mandala,Gursimran S. Walia,Jeffrey Carver,Nachiappan Nagappan;Application of kusumoto cost-metric to evaluate the cost effectiveness of software inspections.;221-230;10;Full papers:testing and inspection;
2012;Tuomas Jaanu,Maria Paasivaara,Casper Lassenius;Effects of four distances on communication processes in global software projects.;231-234;4;Short papers:global software engineering and development;
2012;Maria Paasivaara,Casper Lassenius,Ville Heikkila;Inter-team coordination in large-scale globally distributed scrum: do scrum-of-scrums really work?;235-238;4;Short papers:global software engineering and development;
2012;Stefanie Betz,Claes Wohlin;Alignment of business, architecture, process, and organisation in a software development context.;239-242;4;Short papers:global software engineering and development;
2012;Constanza Lampasona,Jens Heidrich,Victor R. Basili,Alexis Ocampo;Software quality modeling experiences at an oil company.;243-246;4;Short papers:global software engineering and development;
2012;Clauirton de Siebra,Graziela Tonin,Fabio Q. B. da Silva,Rebeka G. Oliveira,Antonio L. O. C. Junior,Regina C. G. Miranda,Andre Luis M. Santos;Managing technical debt in practice: an industrial report.;247-250;4;Short papers:global software engineering and development;
2012;Fabio Calefato,Filippo Lanubile,Tayana Conte,Rafael Prikladnicki;Assessing the impact of real-time machine translation on requirements meetings: a replicated experiment.;251-260;10;Full papers:requirements;
2012;Hans Christian Benestad,Jo Erskine Hannay;Does the prioritization technique affect stakeholders' selection of essential software product features?;261-270;10;Full papers:requirements;
2012;Krzysztof Wnuk,Dietmar Pfahl,David Callele,Even-Andre Karlsson;How can open source software development help requirements management gain the potential of open innovation: an exploratory study.;271-280;10;Full papers:requirements;
2012;Marco Antonio Pereira Araujo,Vitor Faria Monteiro,Guilherme Travassos;Towards a model to support ;281-290;10;Full papers:software quality and evolution;
2012;Francisco Dantas de Medeiros Neto,Alessandro Garcia,Jonathan P. Whittle;On the role of composition code properties on evolving programs.;291-300;10;Full papers:software quality and evolution;
2012;Emad Shihab,Christian Bird,Thomas Zimmermann 0001;The effect of branching strategies on software quality.;301-310;10;Full papers:software quality and evolution;
2012;Mika Mantyla,Kai Petersen,Dietmar Pfahl;How many individuals to use in a QA task with fixed total effort?;311-314;4;Short papers:defect detection;
2012;Syed Muhammad Ali Shah,Maurizio Morisio,Marco Torchiano;The impact of process maturity on defect density.;315-318;4;Short papers:defect detection;
2012;Antonio Vetro,Federico Tomassetti,Marco Torchiano,Maurizio Morisio;Language interaction and quality issues: an exploratory study.;319-322;4;Short papers:defect detection;
2012;Donald W. McCormick II,William B. Frakes,Reghu Anguswamy;A comparison of database fault detection capabilities using mutation testing.;323-326;4;Short papers:defect detection;
2011;Elaine J. Weyuker;Empirical Software Engineering Research - The Good, The Bad, The Ugly.;1-9;9;ESEM;
2011;Wladimir Araujo,Lionel C. Briand,Yvan Labiche;On the Effectiveness of Contracts as Test Oracles in the Detection and Diagnosis of Race Conditions and Deadlocks in Concurrent Object-Oriented Software.;10-19;10;ESEM;
2011;Debarshi Chatterji,Jeffrey Carver,Beverly Massengil,Jason Oslin,Nicholas A. Kraft;Measuring the Efficacy of Code Clone Information in a Bug Localization Task: An Empirical Study.;20-29;10;ESEM;
2011;John Noll,Sarah Beecham,Dominik Seichter;A Qualitative Study of Open Source Software Development: The Open EMR Project.;30-39;10;ESEM;
2011;Gabriela Robiolo;How Simple is It to Measure Software Size and Complexity for an IT Practitioner?;40-48;9;ESEM;
2011;Jari Soini;A Survey of Metrics Use in Finnish Software Companies.;49-57;9;ESEM;
2011;Fabio Q. B. da Silva,A. Cesar C. Franca,Tatiana B. Gouveia,Cleviton V. F. Monteiro,Elisa S. F. Cardozo,Marcos Suassuna;An Empirical Study on the Use of Team Building Criteria in Software Projects.;58-67;10;ESEM;
2011;Oscar Dieste Tubio,Enrique Fernandez,Ramon Garcia-Martinez,Natalia Juristo Juzgado;The Risk of Using the Q Heterogeneity Estimator for Software Engineering Experiments.;68-76;9;ESEM;
2011;Katia Romero Felizardo,Norsaremah Salleh,Rafael Messias Martins,Emilia Mendes,Stephen G. MacDonell,Jose Carlos Maldonado;Using Visual Text Mining to Support the Study Selection Activity in Systematic Literature Reviews.;77-86;10;ESEM;
2011;He Zhang,Muhammad Ali Babar;An Empirical Investigation of Systematic Reviews in Software Engineering.;87-96;10;ESEM;
2011;Andrew Austin,Laurie A. Williams;One Technique is Not Enough: A Comparison of Vulnerability Discovery Techniques.;97-106;10;ESEM;
2011;Emanoel Barreiros,Adauto Almeida,Juliana Saraiva,Sergio Soares;A Systematic Mapping Study on Software Engineering Testbeds.;107-116;10;ESEM;
2011;Xiao Qu,Brian P. Robinson;A Case Study of Concolic Testing Tools and their Limitations.;117-126;10;ESEM;
2011;Janet Feigenspan,Sven Apel,Jorg Liebig,Christian Kastner;Exploring Software Measures to Assess Program Comprehension.;127-136;10;ESEM;
2011;Dorsaf Haouari,Houari A. Sahraoui,Philippe Langlais;How Good is Your Comment? A Study of Comments in Java Programs.;137-146;10;ESEM;
2011;Kathryn T. Stolee,Sebastian G. Elbaum,Anita Sarma;End-User Programmers and their Communities: An Artifact-based Analysis.;147-156;10;ESEM;
2011;Lionel C. Briand,Yvan Labiche,Reymes Madrazo-Rivera;An Experimental Evaluation of the Impact of System Sequence Diagrams and System Operation Contracts on the Quality of the Domain Model.;157-166;10;ESEM;
2011;Werner Heijstek,Thomas Kuhne,Michel R. V. Chaudron;Experimental Analysis of Textual and Graphical Representations for Software Architecture Design.;167-176;10;ESEM;
2011;Rainer Lutz,David Wurfel,Stephan Diehl 0001;How Humans Merge UML-Models.;177-186;10;ESEM;
2011;Bartosz Michalik,Danny Weyns,Nelis Boucke,Alexander Helleboogh;Supporting Online Updates of Software Product Lines: A Controlled Experiment.;187-196;10;ESEM;
2011;Eero I. Laukkanen,Mika Mantyla;Survey Reproduction of Defect Reporting in Industrial Software Development.;197-206;10;ESEM;
2011;Lianfa Li,Hareton Leung;Mining Static Code Metrics for a Robust Prediction of Software Defect-Proneness.;207-214;8;ESEM;
2011;Rahul Premraj,Kim Sebastian Herzig;Network Versus Code Metrics to Predict Defects: A Replication Study.;215-224;10;ESEM;
2011;Maximilian Steff,Barbara Russo;Measuring Architectural Change for Defect Estimation and Localization.;225-234;10;ESEM;
2011;Dirk Basten,Werner Mellis;A Current Assessment of Software Development Effort Estimation.;235-244;10;ESEM;
2011;Michael Klas,Adam Trendowicz,Yasushi Ishigai,Haruka Nakao;Handling Estimation Uncertainty with Bootstrapping: Empirical Evaluation in the Context of Hybrid Prediction Methods.;245-254;10;ESEM;
2011;Ekrem Kocaguneli,Tim Menzies;How to Find Relevant Data for Effort Estimation?;255-264;10;ESEM;
2011;Van T. K. Tran,Kevin Lee,Alan Fekete,Anna Liu,Jacky W. Keung;Size Estimation of Cloud Migration Projects with Cloud Migration Point (CMP).;265-274;10;ESEM;
2011;Daniela Cruzes,Tore Dyba;Recommended Steps for Thematic Synthesis in Software Engineering.;275-284;10;ESEM;
2011;Oscar Dieste Tubio,Anna Griman,Natalia Juristo Juzgado,Himanshu Saxena;Quantitative Determination of the Relationship between Internal Validity and Bias in Software Engineering Experiments: Consequences for Systematic Literature Reviews.;285-294;10;ESEM;
2011;Roel Wieringa,Maya Daneva,Nelly Condori-Fernandez;The Structure of Design Theories, and an Analysis of their Use in Software Engineering Experiments.;295-304;10;ESEM;
2011;Gunnar R. Bergersen,Jo Erskine Hannay,Dag I. K. Sjoberg,Tore Dyba,Amela Karahasanovic;Inferring Skill from Tests of Programming Performance: Combining Time and Quality.;305-314;10;ESEM;
2011;Aram Hovsepyan,Riccardo Scandariato,Stefan Van Baelen,Wouter Joosen,Serge Demeyer;Preserving Aspects via Automation: A Maintainability Study.;315-324;10;ESEM;
2011;Sebastian Nanz,Faraz Torshizi,Michela Pedroni,Bertrand Meyer;Design of an Empirical Study for Comparing the Usability of Concurrent Programming Languages.;325-334;10;ESEM;
2011;Tiago L. Alves;Categories of Source Code in Industrial Systems.;335-338;4;ESEM;
2011;Xu Bai,He Zhang,LiGuo Huang;Empirical Research in Software Process Modeling: A Systematic Literature Review.;339-342;4;ESEM;
2011;Daniela Cruzes,Tore Dyba,Per Runeson,Martin Host;Case Studies Synthesis: Brief Experience and Challenges for the Future.;343-346;4;ESEM;
2011;Susan M. Mitchell,Carolyn B. Seaman;A Knowledge Mapping Technique for Project-level Knowledge Flow Analysis.;347-350;4;ESEM;
2011;Kai Petersen,Nauman Bin Ali;Identifying Strategies for Study Selection in Systematic Reviews and Maps.;351-354;4;ESEM;
2011;Jose Fortuna Abrantes,Guilherme Travassos;Common Agile Practices in Software Processes.;355-358;4;ESEM;
2011;Tanjila Kanij,Robert G. Merkel,John C. Grundy;A Preliminary Study on Factors Affecting Software Testing Team Performance.;359-362;4;ESEM;
2011;Maria Paasivaara,Casper Lassenius;Scaling Scrum in a Large Distributed Project.;363-367;5;ESEM;
2011;Rien Sach,Helen C. Sharp,Marian Petre;Software Engineers' Perceptions of Factors in Motivation: The Work, People, Obstacles.;368-371;4;ESEM;
2011;Marco Torchiano,Federico Tomassetti,Filippo Ricca,Alessandro Tiso,Gianna Reggio;Preliminary Findings from a Survey on the MD State of the Practice.;372-375;4;ESEM;
2011;Da Yang,Wenpei Liu,Qiang Cui,Juan Li,Ye Yang,Qing Wang;Modeling the Number of Active Software Users.;376-379;4;ESEM;
2011;Ewen Denney,Ganesh Pai,Ibrahim Habli;Towards Measurement of Confidence in Safety Cases.;380-383;4;ESEM;
2011;Lorin Hochstein,Yang Jiao;The Cost of the Build Tax in Scientific Software.;384-387;4;ESEM;
2011;Timo O. A. Lehtinen,Mika Mantyla;What are Problem Causes of Software Projects? Data of Root Cause Analysis at Four Software Companies.;388-391;4;ESEM;
2011;Raymond J. Madachy,Barry W. Boehm,Bradford Clark,Thomas Tan,Wilson Rosa;US DoD Application Domain Empirical Software Cost Analysis.;392-395;4;ESEM;
2011;Sabine Nunnenmacher,Jessica Jung,Golriz Chehrazi,Alexander Klaus,Constanza Lampasona,Christian Webel,Marcus Ciolkowski;A Preliminary Survey on Subjective Measurements and Personal Insights into Factors of Perceived Future Project Success.;396-399;4;ESEM;
2011;Pekka Abrahamsson,Ilenia Fronza,Raimund Moser,Jelena Vlasenko,Witold Pedrycz;Predicting Development Effort from User Stories.;400-403;4;ESEM;
2011;Prashanth Harish Southekal,Ginger Levin;Formulation and Empirical Validation of a GQM Based Measurement Framework.;404-413;10;ESEM;
2011;Guoping Rong,Dong Shao,He Zhang,Jun Li;Goal-Driven Development Method for Managing Embedded System Projects: An Industrial Experience Report.;414-423;10;ESEM;
2011;Pete Rotella,Satyabrata Pradhan;Composite Release Values for Normalized Product-level Metrics.;424-433;10;ESEM;
2011;Dandan Wang,Qing Wang,Ye Yang,Qi Li,Haitao Wang,Feng Yuan;"""Is It Really a Defect?"" An Empirical Study on Measuring and Improving the Process of Software Defect Reporting.";434-443;10;ESEM;
2011;Carol Passos,Ana Paula Braun,Daniela Cruzes,Manoel Gomes de Mendonca Neto;Analyzing the Impact of Beliefs in Software Project Practices.;444-452;9;ESEM;
2011;Ricardo Perez-Castillo,Laura Sanchez-Gonzalez,Mario Piattini Velthius,Felix Garcia,Ignacio Garcia Rodriguez de Guzman;Obtaining Thresholds for the Effectiveness of Business Process Mining.;453-462;10;ESEM;
2011;Laurie A. Williams,Gabe Brown,Adam Meltzer,Nachiappan Nagappan;Scrum + Engineering Practices: Experiences of Three Microsoft Teams.;463-471;9;ESEM;
2010;Daniela Cruzes,Tore Dyba;Synthesizing evidence in software engineering research.;;;Generalization and replication;
2010;Barbara A. Kitchenham,Dag I. K. Sjoberg,Pearl Brereton,David Budgen,Tore Dyba,Martin Host,Dietmar Pfahl,Per Runeson;Can we evaluate the quality of software engineering experiments?;;;Generalization and replication;
2010;Omar S. Gomez,Natalia Juristo Juzgado,Sira Vegas;Replications types in experimental disciplines.;;;Generalization and replication;
2010;Emad Shihab,Zhen Ming Jiang,Walid M. Ibrahim,Bram Adams,Ahmed E. Hassan;Understanding the impact of code and process metrics on post-release defects: a case study on the Eclipse project.;;;Defects, faults, issues;
2010;Sejun Kim,Jongmoon Baik;An effective fault aware test case prioritization by incorporating a fault localization technique.;;;Defects, faults, issues;
2010;Alessandro Murgia,Giulio Concas,Michele Marchesi,Roberto Tonelli;A machine learning approach for text categorization of fixing-issue commits on CVS.;;;Defects, faults, issues;
2010;Travis Schanz,Clemente Izurieta;Object oriented design pattern decay: a taxonomy.;;;Maintainability and dependability;
2010;Jan Schumacher,Nico Zazworka,Forrest Shull,Carolyn B. Seaman,Michele A. Shaw;Building empirical support for automated code smell detection.;;;Maintainability and dependability;
2010;Andrew Meneely,Laurie A. Williams;Strengthening the empirical analysis of the relationship between Linus' Law and software security.;;;Maintainability and dependability;
2010;Jussi Kasurinen,Ossi Taipale,Kari Smolander;Test case selection and prioritization: risk-based or design-based?;;;Large scale analysis;
2010;Mark Grechanik,Collin McMillan,Luca DeFerrari,Marco Comi,Stefano Crespi-Reghizzi,Denys Poshyvanyk,Chen Fu,Qing Xie,Carlo Ghezzi;An empirical investigation into a large-scale Java open source code repository.;;;Large scale analysis;
2010;Luke Nguyen-Hoan,Shayne Flint,Ramesh Sankaranarayana;A survey of scientific software development.;;;Large scale analysis;
2010;Jingyue Li,Nils Brede Moe,Tore Dyba;Transition from a plan-driven process to Scrum: a longitudinal case study on software quality.;;;Agile methods;
2010;Nico Zazworka,Kai Stapel,Eric Knauss,Forrest Shull,Victor R. Basili,Kurt Schneider;Are developers complying with the process: an XP study.;;;Agile methods;
2010;Jo Erskine Hannay,Hans Christian Benestad;Perceived productivity threats in large agile development projects.;;;Agile methods;
2010;Hazem Qattous,Philip D. Gray,Ray Welland;An empirical study of specification by example in a software engineering tool.;;;Requirements analysis and engineering;
2010;Filippo Ricca,Giuseppe Scanniello,Marco Torchiano,Gianna Reggio,Egidio Astesiano;On the effectiveness of screen mockups in requirements engineering: results from an internal replication.;;;Requirements analysis and engineering;
2010;Davide Falessi,Giovanni Cantone,Gerardo Canfora;A comprehensive characterization of NLP techniques for identifying equivalent requirements.;;;Requirements analysis and engineering;
2010;Andreas Jedlitschka;Evaluating a model of software managers' information needs: an experiment.;;;Management, business and research in industry;
2010;Vladimir Mandic,Victor R. Basili,Lasse Harjumaa,Markku Oivo,Jouni Markkula;Utilizing GQM+Strategies for business value analysis: an approach for evaluating business goals.;;;Management, business and research in industry;
2010;Brian P. Robinson,Patrick Francis;Improving industrial adoption of software engineering research: a comparison of open and closed source software.;;;Management, business and research in industry;
2010;Norsaremah Salleh,Emilia Mendes,John C. Grundy,Giles St. J. Burch;The effects of neuroticism on pair programming: an empirical study in the higher education context.;;;Agile, collaborative and distributed development;
2010;Samireh Jalali,Cigdem Gencel,Darja Smite;Trust dynamics in global software engineering.;;;Agile, collaborative and distributed development;
2010;Fabio Calefato,Domenico Gendarmi,Filippo Lanubile;Investigating the use of tags in collaborative development environments: a replicated study.;;;Agile, collaborative and distributed development;
2010;Luigi Lavazza,Gabriela Robiolo;Introducing the evaluation of complexity in functional size measurement: a UML-based approach.;;;Agile, collaborative and distributed development;
2010;Kenneth Lind,Rogardt Heldal;Categorization of real-time software components for code size estimation.;;;Agile, collaborative and distributed development;
2010;Monalessa Perini Barcellos,Ana Regina Rocha,Ricardo de Almeida Falbo;Evaluating the suitability of a measurement repository for statistical process control.;;;Agile, collaborative and distributed development;
2010;Margaret M. Burnett,Scott D. Fleming,Shamsi T. Iqbal,Gina Danielle Venolia,Vidya Rajaram,Umer Farooq,Valentina Grigoreanu,Mary Czerwinski;Gender differences and programming environments: across programming populations.;;;Human and user studies;
2010;Aniket Dahotre,Yan Zhang,Christopher Scaffidi;A qualitative study of animation programming in the wild.;;;Human and user studies;
2010;Nathalie Aquino,Jean Vanderdonckt,Nelly Condori-Fernandez,Oscar Dieste Tubio,Oscar Pastor;Usability evaluation of multi-device/platform user interfaces generated by model-driven engineering.;;;Human and user studies;
2010;Stephen G. MacDonell,Martin J. Shepperd;Data accumulation and software effort prediction.;;;Research methods and generalizations;
2010;Laurie McLeod,Stephen G. MacDonell;Stakeholder perceptions of software project outcomes: an industry case study.;;;Research methods and generalizations;
2010;Fabio Q. B. da Silva,Andre Luis M. Santos,Sergio Soares,A. Cesar C. Franca,Cleviton V. F. Monteiro;A critical appraisal of systematic reviews in software engineering from the perspective of the research questions asked in the reviews.;;;Research methods and generalizations;
2010;Wallace M. Pereira,Guilherme Travassos;Towards the conception of scientific workflows for ;;;Research methods and generalizations;
2010;Kathryn T. Stolee,Sebastian G. Elbaum;Exploring the use of crowdsourcing to support empirical studies in software engineering.;;;Research methods and generalizations;
2010;Luigi Lavazza,Sandro Morasca,Davide Taibi,Davide Tosi;Predicting OSS trustworthiness on the basis of elementary code assessment.;;;Agile, collaborative and distributed development;
2010;A. Cesar C. Franca,Fabio Q. B. da Silva,Leila M. R. de Sousa Mariz;An empirical study on the relationship between the use of agile practices and the success of Scrum projects.;;;Agile, collaborative and distributed development;
2010;Vinay Augustine,Brian P. Robinson;Using virtual machines for collaborative research.;;;Agile, collaborative and distributed development;
2010;Zornitza Racheva,Maya Daneva,Andrea Herrmann;A conceptual model of client-driven agile requirements prioritization: results of a case study.;;;Agile, collaborative and distributed development;
2010;Filippo Ricca,Giuseppe Scanniello,Marco Torchiano,Gianna Reggio,Egidio Astesiano;On the effort of augmenting use cases with screen mockups: results from a preliminary empirical study.;;;Agile, collaborative and distributed development;
2010;Sahitya Kakarla,Akbar Siami Namin;The influence of environmental parameters on concurrency fault exposures: an exploratory study.;;;Qualitative, social and alternative perspectives;
2010;Md. Mainur Rahman,S. M. Sohan,Frank Maurer,Gunther Ruhe;Evaluation of optimized staffing for feature development and bug fixing.;;;Qualitative, social and alternative perspectives;
2010;Maya Daneva,Niv Ahituv;A focus group study on inter-organizational ERP requirements engineering practices.;;;Qualitative, social and alternative perspectives;
2010;Rien Sach,Helen C. Sharp,Marian Petre;Continued involvement in software development: motivational factors.;;;Qualitative, social and alternative perspectives;
2010;Salvatore Alessandro Sarcia;Is GQM+Strategies really applicable as is to non-software development domains?;;;Qualitative, social and alternative perspectives;
2010;Victor R. Basili,Marvin V. Zelkowitz,Lucas Layman,Kathleen Coleman Dangle,Madeline Diep;Obtaining valid safety data for software safety measurement and process improvement.;;;Defects, faults, and failures;
2010;Marco Torchiano,Filippo Ricca;Impact analysis by means of unstructured knowledge in the context of bug repositories.;;;Defects, faults, and failures;
2010;Rudolf Ramler,Claus Klammer,Thomas Natschlager;The usual suspects: a case study on delivered defects per developer.;;;Defects, faults, and failures;
2010;Beatriz Marin,Giovanni Giachetti,Oscar Pastor,Tanja E. J. Vos,Alain Abran;Evaluating the usefulness of a functional size measurement procedure to detect defects in MDD models.;;;Defects, faults, and failures;
2010;Ozlem Albayrak,David Davenport;Impact of maintainability defects on code inspections.;;;Defects, faults, and failures;
2010;Syed Nadeem Ahsan,Franz Wotawa;Impact analysis of SCRs using single and multi-label machine learning classification.;;;Defects, faults, and failures;
2010;Giuseppe Scanniello,Carmine Gravino,Michele Risi,Genoveffa Tortora;A controlled experiment for assessing the contribution of design pattern documentation on software maintenance.;;;Design and modelling;
2010;Ugo Erra,Ana Portnova,Giuseppe Scanniello;Comparing two communication media in use case modeling: results from a controlled experiment.;;;Design and modelling;
2010;Adrian Fernandez,Silvia Mara Abrahao,Emilio Insfran Pelozo;Towards to the validation of a usability evaluation method for model-driven web development.;;;Design and modelling;
2010;Filippo Ricca,Alessandro Marchetto;Are Heroes common in FLOSS projects?;;;Design and modelling;
2010;Adam Brennan,Des Greer,Kevin McDaid;Adaptability performance trade-off: a controlled experiment.;;;Design and modelling;
2009;Thomas Tan,Qi Li,Barry W. Boehm,Ye Yang,Mei He,Ramin Moazeni;Productivity trends in incremental and iterative software development.;1-10;10;ESEM;
2009;Heidi J. Rognerud,Jo Erskine Hannay;Challenges in enterprise software integration: An industrial study using repertory grids.;11-22;12;ESEM;
2009;Fei Dong,Mingshu Li,Juan Li,Ye Yang,Qing Wang;Effect of staffing pattern on software project: An empirical analysis.;23-33;11;ESEM;
2009;Ekwa Duala-Ekoko,Martin P. Robillard;A detailed examination of the correlation between imports and failure-proneness of software components.;34-43;10;ESEM;
2009;Sandro Morasca;A probability-based approach for measuring external attributes of software artifacts.;44-55;12;ESEM;
2009;Gengshen Du,Gunther Ruhe;Does explanation improve the acceptance of decision support for product release planning?;56-68;13;ESEM;
2009;Sebastien Jeanmart,Yann-Gael Gueheneuc,Houari A. Sahraoui,Naji Habra;Impact of the visitor pattern on program comprehension and maintenance.;69-78;10;ESEM;
2009;Simon Denier,Houari A. Sahraoui;Understanding the use of inheritance with visual patterns.;79-88;10;ESEM;
2009;Pietro Abate,Roberto Di Cosmo,Jaap Boender,Stefano Zacchiroli;Strong dependencies between software components.;89-99;11;ESEM;
2009;Luigi Lavazza,Carla Garavaglia;Using function points to measure and estimate real-time and embedded software: Experiences and guidelines.;100-110;11;ESEM;
2009;Chris Lokan,Emilia Mendes;Applying moving windows to software effort estimation.;111-122;12;ESEM;
2009;Salvatore Alessandro Sarcia,Victor R. Basili,Giovanni Cantone;Scope error detection and handling concerning software estimation models.;123-132;10;ESEM;
2009;Marcus Ciolkowski;What do we know about perspective-based reading? An approach for quantitative aggregation in software engineering.;133-144;12;ESEM;
2009;Bryan Robbins,Jeffrey Carver;Cognitive factors in perspective-based reading (PBR): A protocol analysis study.;145-155;11;ESEM;
2009;Stefan Hanenberg,Sebastian Kleinschmager,Manuel Josupeit-Walter;Does aspect-oriented programming increase the development speed for crosscutting code? An empirical study.;156-167;12;ESEM;
2009;Philip Johnson,Shaoxuan Zhang;We need more coverage, stat! classroom experience with the software ICU.;168-178;11;ESEM;
2009;Min Zhang,Lorin Hochstein;Fitting a workflow model to captured development data.;179-190;12;ESEM;
2009;Anna Corazza,Sergio Di Martino,Filomena Ferrucci,Carmine Gravino,Emilia Mendes;Applying support vector regression for web effort estimation using a cross-company dataset.;191-202;12;ESEM;
2009;Thorbjorn Walle,Jo Erskine Hannay;Personality and the nature of collaboration in pair programming.;203-213;11;ESEM;
2009;Norsaremah Salleh,Emilia Mendes,John C. Grundy,Giles St. J. Burch;An empirical study of the effects of personality in pair programming using the five-factor model.;214-225;12;ESEM;
2009;Ilenia Fronza,Alberto Sillitti,Giancarlo Succi;An interpretation of the results of the analysis of pair programming during novices integration in a team.;225-235;11;ESEM;
2009;Medha Umarji,Carolyn B. Seaman;Gauging acceptance of software metrics: Comparing perspectives of managers and developers.;236-247;12;ESEM;
2009;Rahul Razdan,Steve Esposito,Jay Lawrence,Peter Conner;Empirical results from the transformation of a large commercial technical computing environment.;248-256;9;ESEM;
2009;Sebastian Barney,Claes Wohlin,Aybuke Aurum;Balancing software product investments.;257-268;12;ESEM;
2009;Arilo Claudio Dias Neto,Guilherme Travassos;Evaluation of model-based testing techniques selection approaches: An external replication.;269-278;10;ESEM;
2009;Lucas Lima,Juliano Iyoda,Augusto Sampaio,Eduardo Aranha;Test case prioritization based on data reuse an experimental study.;279-290;12;ESEM;
2009;Audris Mockus,Nachiappan Nagappan,Trung T. Dinh-Trong;Test coverage and post-verification defects: A multiple case study.;291-301;11;ESEM;
2009;Dapeng Liu,Qing Wang,Junchao Xiao;The role of software process simulation modeling in software risk management: A systematic review.;302-311;10;ESEM;
2009;Nico Zazworka,Victor R. Basili,Forrest Shull;Tool supported detection and judgment of nonconformance in process execution.;312-323;12;ESEM;
2009;Carlton A. Crabtree,Carolyn B. Seaman,Anthony F. Norcio;Exploring language in software process elicitation: A grounded theory approach.;324-335;12;ESEM;
2009;Barbara A. Kitchenham,Pearl Brereton,Mark Turner,Mahmood Niazi,Stephen G. Linkman,Rialette Pretorius,David Budgen;The impact of limited search procedures for systematic literature reviews A participant-observer case study.;336-345;10;ESEM;
2009;Muhammad Ali Babar,He Zhang;Systematic literature reviews in software engineering: Preliminary results from interviews with researchers.;346-355;10;ESEM;
2009;Natalia Juristo Juzgado,Sira Vegas;Using differences among replications of software engineering experiments to gain knowledge.;356-366;11;ESEM;
2009;Mehwish Riaz,Emilia Mendes,Ewan D. Tempero;A systematic review of software maintainability prediction and metrics.;367-377;11;ESEM;
2009;Aiko Fallas Yamashita,Hans Christian Benestad,Bente Cecilie Dahlum Anda,Per Einar Arnstad,Dag I. K. Sjoberg,Leon Moonen;Using concept mapping for maintainability assessments.;378-389;12;ESEM;
2009;Steffen M. Olbrich,Daniela Cruzes,Victor R. Basili,Nico Zazworka;The evolution and impact of code smells: A case study of two open source systems.;390-400;11;ESEM;
2009;Kai Petersen,Claes Wohlin;Context in industrial software engineering research.;401-404;4;ESEM;
2009;A. Cesar C. Franca,Fabio Q. B. da Silva;An empirical study on software engineers motivational factors.;405-409;5;ESEM;
2009;Yi Wang;Building the linkage between project managers' personality and success of software projects.;410-413;4;ESEM;
2009;Paulo Sergio Medeiros dos Santos,Guilherme Travassos;Action research use in software engineering: An initial survey.;414-417;4;ESEM;
2009;Edzreena Edza Odzaly,Paul Sage,Des Greer;Software risk management barriers: An empirical study.;418-421;4;ESEM;
2009;Gabriela Robiolo,Cristina Badano,Ricardo Orosco;Transactions and paths: Two use case based metrics which improve the early effort estimation.;422-425;4;ESEM;
2009;Liam Feldman,Carl J. Mueller,Dan E. Tamir,Oleg V. Komogortsev;Usability testing with total-effort metrics.;426-429;4;ESEM;
2009;Lulu He,Jeffrey Carver;Modifiability measurement from a task complexity perspective: A feasibility study.;430-434;5;ESEM;
2009;Thomas Zimmermann 0001,Nachiappan Nagappan;Predicting defects with program dependencies.;435-438;4;ESEM;
2009;Md. Mainur Rahman,Gunther Ruhe,Thomas Zimmermann 0001;Optimized assignment of developers for fixing bugs an initial evaluation for eclipse projects.;439-442;4;ESEM;
2009;Christoph Domann,Elmar Jurgens,Jonathan Streit;The curse of copy&paste Cloning in requirements specifications.;443-446;4;ESEM;
2009;Dan Schrimpsher,Letha H. Etzkorn;An empirical quality model for web service ontologies to support mobile devices.;447-450;4;ESEM;
2009;Zhongpeng Lin,Fengdi Shu,Ye Yang,Chenyong Hu,Qing Wang;An empirical study on bug assignment automation using Chinese bug data.;451-455;5;ESEM;
2009;Huijuan Wu,Yuepu Guo,Carolyn B. Seaman;Analyzing video data: A study of programming behavior under two software engineering paradigms.;456-459;4;ESEM;
2009;Ana Erika Camargo Cruz,Koichiro Ochimizu;Towards logistic regression models for predicting fault-prone code across software projects.;460-463;4;ESEM;
2009;Stefan Wagner 0001,Klaus Lochmann,Sebastian Winter,Andreas Goeb,Michael Klas;Quality models in practice: A preliminary analysis.;464-467;4;ESEM;
2009;Silvia Mara Abrahao,Emilio Insfran Pelozo,Carmine Gravino,Giuseppe Scanniello;On the effectiveness of dynamic modeling in UML: Results from an external replication.;468-472;5;ESEM;
2009;Fan Wang,Xiaohu Yang,Xiaochun Zhu,Lu Chen;Simulation of the defect removal process with queuing theory.;473-476;4;ESEM;
2009;Ayse Tosun Misirli,Ayse Bener;Reducing false alarms in software defect prediction by decision threshold optimization.;477-480;4;ESEM;
2009;Prasanth Anbalagan,Mladen A. Vouk;An empirical study of security problem reports in Linux distributions.;481-484;4;ESEM;
2009;Frank Elberzhager,Marek Jawurek,Christian Jung,Alexander Klaus;Progress report on the experimental evaluation of security inspection guidance.;485-489;5;ESEM;
2009;Xiaochun Zhu,Bo Zhou,Lu Chen;Software testing sizing in incremental development: A case study.;490-493;4;ESEM;
2009;Juha Itkonen,Mika Mantyla,Casper Lassenius;How do testers do it? An exploratory study on manual testing practices.;494-497;4;ESEM;
2009;Martin Soto,Marcus Ciolkowski;The QualOSS open source assessment model measuring the performance of open source communities.;498-501;4;ESEM;
2009;Nelly Condori-Fernandez,Maya Daneva,Klaas Sikkel,Roel Wieringa,Oscar Dieste Tubio,Oscar Pastor;A systematic mapping study on empirical evaluation of software requirements specifications techniques.;502-505;4;ESEM;
2009;Ozlem Albayrak;An experiment to observe the impact of UML diagrams on the effectiveness of software requirements inspections.;506-510;5;ESEM;
2009;Susan M. Mitchell,Carolyn B. Seaman;A comparison of software cost, duration, and quality for waterfall vs. iterative and incremental development: A systematic review.;511-515;5;ESEM;
2009;Karen Scarfone,Peter Mell;An analysis of CVSS version 2 vulnerability scoring.;516-525;10;ESEM;
2009;Geraldine Vache;Vulnerability analysis for a quantitative security evaluation.;526-534;9;ESEM;
2009;Christian Fruhwirth,Tomi Mannisto;Improving CVSS-based vulnerability prioritization and response with context information.;535-544;10;ESEM;
2009;James Walden,Maureen Doyle,Grant A. Welch,Michael Whelan;Security of open source web applications.;545-553;9;ESEM;
2009;Koen Buyens,Riccardo Scandariato,Wouter Joosen;Measuring the interplay of security principles in software architectures.;554-563;10;ESEM;
2009;Yolanta Beres,Marco Casassa Mont,Jonathan Griffin,Simon Shiu;Using security metrics coupled with predictive modeling and simulation to assess security processes.;564-573;10;ESEM;
2009;Hideyuki Tanaka;Quantitative analysis of information security interdependency between industrial sectors.;574-583;10;ESEM;
2008;Marcelo Cataldo,James D. Herbsleb,Kathleen M. Carley;Socio-technical congruence: a framework for assessing the impact of technical and work dependencies on software development productivity.;2-11;10;Coordination and communication;
2008;Joakim Pernstal,Ana Magazinovic,Peter Ohman;A multiple case study investigating the interaction between manufacturing and development organizations in automotive software engineering.;12-21;10;Coordination and communication;
2008;Emelie Engstrom,Mats Skoglund,Per Runeson;Empirical evaluations of regression test selection techniques: a systematic review.;22-31;10;Testing and analysis;
2008;Hanna Scott,Claes Wohlin;Capture-recapture in software unit testing: a case study.;32-40;9;Testing and analysis;
2008;Sarah Smith Heckman,Laurie A. Williams;On establishing a benchmark for evaluating static analysis alert prioritization and classification techniques.;41-50;10;Testing and analysis;
2008;Dan Port,Marcel Korte;Comparative studies of the model evaluation criterions mmre and pred in software cost estimation research.;51-60;10;Estimation models I;
2008;Ye Yang,Mei He,Mingshu Li,Qing Wang,Barry W. Boehm;Phase distribution of software development effort.;61-69;9;Estimation models I;
2008;Nikolaos Mittas,Lefteris Angelis;Combining regression and estimation by analogy in a semi-parametric model for software cost estimation.;70-79;10;Estimation models I;
2008;Jacek Rosik,Andrew Le Gear,Jim Buckley,Muhammad Ali Babar;An industrial case study of architecture conformance.;80-89;10;Modeling and architecture;
2008;Ariadi Nugroho,Michel R. V. Chaudron;A survey into the rigor of UML use and its perceived impact on quality and productivity.;90-99;10;Modeling and architecture;
2008;Luigi Lavazza,Vieri Del Bianco,Carla Garavaglia;Model-based functional size measurement.;100-109;10;Modeling and architecture;
2008;Mary M. Shaw;Empirical challenges in ultra large scale systems.;110;1;Keynote address;
2008;Mira Kajko-Mattsson;Problems in agile trenches.;111-119;9;From the programmers' trenches;
2008;Andrew Begel,Nachiappan Nagappan;Pair programming: what's in it for me?;120-128;9;From the programmers' trenches;
2008;Medha Umarji,Carolyn B. Seaman;Why do programmers avoid metrics?;129-138;10;From the programmers' trenches;
2008;Kai Petersen,Kari Ronkko,Claes Wohlin;The impact of time controlled reading on software inspection effectiveness and efficiency: a controlled experiment.;139-148;10;Inspections;
2008;Carolyn B. Seaman,Forrest Shull,Myrna Regardie,Denis Elbert,Raimund L. Feldmann,Yuepu Guo,Sally Godfrey;Defect categorization: making use of a decade of widely varying historical data.;149-157;9;Inspections;
2008;Gursimran S. Walia,Jeffrey Carver;Evaluation of capture-recapture models for estimating the abundance of naturally-occurring defects.;158-167;10;Inspections;
2008;Junzhong Ji,Jingyue Li,Reidar Conradi,Chunnian Liu,Jianqiang Ma,Weibing Chen;Some lessons learned in conducting software engineering surveys in china.;168-177;10;Metrics and methodology;
2008;Tore Dyba,Torgeir Dingsoyr;Strength of evidence in systematic reviews in software engineering.;178-187;10;Metrics and methodology;
2008;Sandro Morasca;Refining the axiomatic definition of internal software attributes.;188-197;10;Metrics and methodology;
2008;Shujian Wu,Qing Wang,Ye Yang;Quantitative analysis of faults and failures with multiple releases of softpm.;198-205;8;Faults and failures;
2008;Lucas Layman,Gunnar Kudrjavets,Nachiappan Nagappan;Iterative identification of fault-prone binaries using in-process metrics.;206-212;7;Faults and failures;
2008;Vu Nguyen,Bert Steece,Barry W. Boehm;A constrained regression technique for cocomo calibration.;213-222;10;Estimation models II;
2008;Qi Li,Qing Wang,Ye Yang,Mingshu Li;Reducing biases in individual software effort estimations: a combining approach.;223-232;10;Estimation models II;
2008;Ana Magazinovic,Joakim Pernstal;Any other cost estimation inhibitors?;233-242;10;Estimation models II;
2008;Marcus Ciolkowski,Jens Heidrich,Frank Simon,Mathias Radicke;Empirical results from using custom-made software project control centers in industrial environments.;243-252;10;From the manager's trenches;
2008;Da Yang,Qing Wang,Mingshu Li,Ye Yang,Kai Ye,Jing Du;A survey on software cost estimation in the chinese software industry.;253-262;10;From the manager's trenches;
2008;Yuepu Guo,Carolyn B. Seaman;A survey of software project managers on software process change.;263-269;7;From the manager's trenches;
2008;Christopher Thomson,Mike Holcombe,Tony Cowling,Tony Simons,George Michaelides;A pilot study of comparative customer comprehension between extreme x-machine and uml models.;270-272;3;Evaluation and comparison of techniques and models;
2008;Rodrigo A. Vivanco,Dean Jin;Enhancing predictive models using principal component analysis and search based metric selection: a comparative study.;273-275;3;Evaluation and comparison of techniques and models;
2008;Glauco de Figueiredo Carneiro,Rodrigo Chaves Magnavita,Eduardo Spinola,Fabio Spinola,Manoel Gomes de Mendonca Neto;Evaluating the usefulness of software visualization in supporting software comprehension activities.;276-278;3;Evaluation and comparison of techniques and models;
2008;Yasutaka Kamei,Akito Monden,Shuji Morisaki,Ken-ichi Matsumoto;A hybrid faulty module prediction using association rule mining and logistic regression analysis.;279-281;3;Evaluation and comparison of techniques and models;
2008;Michael Wedel,Uwe Jensen,Peter Gohner;Mining software code repositories and bug databases using survival analysis models.;282-284;3;Evaluation and comparison of techniques and models;
2008;Rene Noel,Gonzalo Valdes,Marcello Visconti,Hernan Astudillo;Adding planned design to xp might help novices' productivity (or might not): two controlled experiments.;285-287;3;Evaluation and comparison of techniques and models;
2008;Mikael Svahnberg,Aybuke Aurum,Claes Wohlin;Using students as subjects - an empirical evaluation.;288-290;3;Empirical s`tudies of processes and products;
2008;Silvia Teresita Acuna Castillo,Marta Gomez,Juan de Lara Jaramillo;Empirical study of how personality, team processes and task characteristics relate to satisfaction and software quality.;291-293;3;Empirical s`tudies of processes and products;
2008;Jacky W. Keung;Empirical evaluation of analogy-x for software cost estimation.;294-296;3;Empirical s`tudies of processes and products;
2008;Eric Ras;Improving application and understanding of experience packages through learning spaces.;297-299;3;Empirical s`tudies of processes and products;
2008;Marcela Genero Bocco,Jose A. Cruz-Lemus,Danilo Caivano,Silvia Mara Abrahao,Emilio Insfran Pelozo,Jose A. Carsi;Does the use of stereotypes improve the comprehension of UML sequence diagrams?;300-302;3;Empirical s`tudies of processes and products;
2008;Yuepu Guo,Sreedevi Sampath;Web application fault classification - an exploratory study.;303-305;3;Empirical s`tudies of processes and products;
2008;Keld Raaschou,Austen W. Rainer;Exposure model for prediction of number of customer reported defects.;306-308;3;Development of predictive models;
2008;Raimund Moser,Witold Pedrycz,Giancarlo Succi;Analysis of the reliability of a subset of change metrics for defect prediction.;309-311;3;Development of predictive models;
2008;Yasutaka Kamei,Jacky Wai Keung,Akito Monden,Ken-ichi Matsumoto;An over-sampling method for analogy-based software effort estimation.;312-314;3;Development of predictive models;
2008;Yonghee Shin,Laurie A. Williams;An empirical model to predict security vulnerabilities using code complexity metrics.;315-317;3;Development of predictive models;
2008;Ayse Tosun Misirli,Burak Turhan,Ayse Bener;Ensemble of software defect predictors: a case study.;318-320;3;Development of predictive models;
2008;Michael Klas,Frank Elberzhager,Haruka Nakao;Managing software quality through a hybrid defect content and effectiveness model.;321-323;3;Development of predictive models;
2008;Arilo Claudio Dias Neto,Guilherme Travassos;Surveying model based testing approaches characterization attributes.;324-326;3;Experience in process improvement;
2008;Nicola Boffoli,Giovanni Bruno,Danilo Caivano,Gemma Mastelloni;Statistical process control for software: a systematic approach.;327-329;3;Experience in process improvement;
2008;Rudolf Ramler,Klaus Wolfmaier;Issues and effort in integrating data from heterogeneous software repositories and corporate databases.;330-332;3;Experience in process improvement;
2008;Brian P. Robinson,Patrick Francis,Fredrik Ekdahl;A defect-driven process for software quality improvement.;333-335;3;Experience in process improvement;
2008;Marcos Kalinowski,Kival Chaves Weber,Guilherme Travassos;IMPS: an experimentation based investigation of a nationwide software development reference model.;336-338;3;Experience in process improvement;
2008;Melanie Ruhe,Stefan Wagner 0001;Using the ProdFlow(TM) approach to address the myth of productivity in r&d organizations.;339-341;3;Experience in process improvement;
2008;Rialette Pretorius,David Budgen;A mapping study on empirical evidence related to the models and forms used in the uml.;342-344;3;Empirical evidence and systematic review;
2008;He Zhang,Barbara A. Kitchenham,Dietmar Pfahl;Software process simulation over the past decade: trends discovery from a systematic review.;345-347;3;Empirical evidence and systematic review;
2008;Dietmar Winkler,Stefan Biffl,Muhammad Ali Babar;An empirical investigation of scenarios gained and lost in architecture evaluation meetings.;348-350;3;Empirical evidence and systematic review;
2008;Hidetake Uwano,Akito Monden,Ken-ichi Matsumoto;Are good code reviewers also good at design review?;351-353;3;Empirical evidence and systematic review;
2008;Jose Ignacio Panach,Nelly Condori-Fernandez,Francisco Valverde,Nathalie Aquino,Oscar Pastor;Understandability measurement in an early usability evaluation for model-driven development: an empirical study.;354-356;3;Empirical evidence and systematic review;
2007;Yoshiki Mitani,Tomoko Matsumura,Mike Barker,Seishiro Tsuruho,Katsuro Inoue,Ken-ichi Matsumoto;Proposal of a Complete Life Cycle In-Process Measurement Model Based on Evaluation of an In-Process Measurement Experiment Using a Standardized Requirement Definition Process.;11-20;10;Experience Management;
2007;Ossi Taipale,Katja Karhu,Kari Smolander;Observing Software Testing Practice from the Viewpoint of Organizations and Knowledge Management.;21-30;10;Experience Management;
2007;Andreas Jedlitschka,Marcus Ciolkowski,Christian Denger,Bernd G. Freimut,Andreas Schlichting;Relevant Information Sources for Successful Technology Transfer: A Survey Using Inspections as an Example.;31-40;10;Experience Management;
2007;Samar Mouchawrab,Lionel C. Briand,Yvan Labiche;Assessing, Comparing, and Combining Statechart- based testing and Structural testing: An Experiment.;41-50;10;Empirical Studies of Testing and Validation;
2007;Atul Gupta,Pankaj Jalote;Test Inspected Unit or Inspect Unit Tested Code?;51-60;10;Empirical Studies of Testing and Validation;
2007;Juha Itkonen,Mika Mantyla,Casper Lassenius;Defect Detection Efficiency: Test Case Based vs. Exploratory Testing.;61-70;10;Empirical Studies of Testing and Validation;
2007;Haruka Nakao,Shigeo Yoshikawa,Daniel Port,Yuko Miyamoto,Masafumi Katahira;Comparing Model Generated with Expert Generated IV&V Activity Plans.;71-80;10;Empirical Studies of Testing and Validation;
2007;Philip M. Johnson;Requirement and Design Trade-offs in Hackystat: An In-Process Software Engineering Measurement and Analysis System.;81-90;10;Experimental Techniques and Infrastructure;
2007;Gerardo Canfora,Corrado Aaron Visaggio;Tuning anonymity level for assuring high data quality: an empirical study.;91-98;8;Experimental Techniques and Infrastructure;
2007;Gernot Armin Liebchen,Bhekisipho Twala,Martin J. Shepperd,Michelle Cartwright,Mark Stephens;Filtering, Robust Filtering, Polishing: Techniques for Addressing Quality in Software Data.;99-106;8;Experimental Techniques and Infrastructure;
2007;Eduardo Aranha,Paulo Borba;An Estimation Model for Test Execution Effort.;107-116;10;Effort Estimation;
2007;Ricardo Valerdi;Cognitive Limits of Software Cost Estimation.;117-125;9;Effort Estimation;
2007;Jingzhou Li,Ahmed Al-Emran,Gunther Ruhe;Impact Analysis of Missing Values on the Prediction Accuracy of Analogy-based Software Effort Estimation Method AQUA.;126-135;10;Effort Estimation;
2007;Hayden Melton,Ewan D. Tempero;Static Members and Cycles in Java Software.;136-145;10;Empirical Studies of Software Products;
2007;Tayana Uchoa Conte,Jobson Luiz Massolar da Silva,Emilia Mendes,Guilherme Travassos;Usability Evaluation Based on Web Design Perspectives.;146-155;10;Empirical Studies of Software Products;
2007;Krystle Lemon,Edward B. Allen,Jeffrey Carver,Gary L. Bradshaw;An Empirical Study of the Effects of Gestalt Principles on Diagram Understandability.;156-165;10;Empirical Studies of Software Products;
2007;Americo Sampaio,Phil Greenwood,Alessandro Garcia,Awais Rashid;A Comparative Study of Aspect-Oriented Requirements Engineering Approaches.;166-175;10;Empirical Studies of Software Processes;
2007;Lucas Layman,Laurie A. Williams,Robert St. Amant;Toward Reducing Fault Fix Time: Understanding Developer Behavior for the Design of Automated Fault Detection Tools.;176-185;10;Empirical Studies of Software Processes;
2007;Denis Kozlov,Jussi Koskinen,Jouni Markkula,Markku Sakkinen;Evaluating the Impact of Adaptive Maintenance Process on Open Source Software Quality.;186-195;10;Quality and Defect Prediction;
2007;Yasutaka Kamei,Akito Monden,Shinsuke Matsumoto,Takeshi Kakimoto,Ken-ichi Matsumoto;The Effects of Over and Under Sampling on Fault-prone Module Detection.;196-204;9;Quality and Defect Prediction;
2007;Hanna Scott,Philip M. Johnson;Generalizing fault contents from a few classes.;205-214;10;Quality and Defect Prediction;
2007;Oscar Dieste Tubio,Anna Griman;Developing Search Strategies for Detecting Relevant Experiments for Systematic Reviews.;215-224;10;Performing Systematic Reviews;
2007;Tore Dyba,Torgeir Dingsoyr,Geir Kjetil Hanssen;Applying Systematic Reviews to Diverse Study Types: An Experience Report.;225-234;10;Performing Systematic Reviews;
2007;Daniela Cruzes,Victor R. Basili,Forrest Shull,Mario Jino;Using Context Distance Measurement to Analyze Results across Studies.;235-244;10;Performing Systematic Reviews;
2007;Viviane Malheiros,Erika Nina Hohn,Roberto Pinho,Manoel Gomes de Mendonca Neto,Jose Carlos Maldonado;A Visual Text Mining approach for Systematic Reviews.;245-254;10;Performing Systematic Reviews;
2007;Andrew Begel,Nachiappan Nagappan;Usage and Perceptions of Agile Software Development in an Industrial Context: An Exploratory Study.;255-264;10;Empirical Studies of Agile Methods;
2007;Monvorath Phongpaibul,Barry W. Boehm;A Replicate Empirical Comparison between Pair Development and Software Development with Inspection.;265-274;10;Empirical Studies of Agile Methods;
2007;Maria Siniaalto,Pekka Abrahamsson;A Comparative Case Study on the Impact of Test-Driven Development on Program Design and Test Coverage.;275-284;10;Empirical Studies of Agile Methods;
2007;Atul Gupta,Pankaj Jalote;An Experimental Evaluation of the Effectiveness and Efficiency of the Test Driven Development.;285-294;10;Empirical Studies of Agile Methods;
2007;Michael English,Jim Buckley,Anthony Cahill;Fine-Grained Software Metrics in Practice.;295-304;10;Software Metrics;
2007;Cigdem Gencel,Onur Demirors;Conceptual Differences Among Functional Size Measurement Methods.;305-313;9;Software Metrics;
2007;Marcus Ciolkowski,Jens Heidrich,Jurgen Munch,Frank Simon,Mathias Radicke;Evaluating Software Project Control Centers in Industrial Environments.;314-323;10;Software Metrics;
2007;Sergio Di Martino,Filomena Ferrucci,Carmine Gravino,Emilia Mendes;Comparing Size Measures for Predicting Web Application Development Effort: A Case Study.;324-333;10;Effort Estimation in New Environments;
2007;Emilia Mendes;A Comparison of Techniques for Web Effort Estimation.;334-343;10;Effort Estimation in New Environments;
2007;Pekka Abrahamsson,Raimund Moser,Witold Pedrycz,Alberto Sillitti,Giancarlo Succi;Effort Prediction in Iterative Software Development Processes - Incremental Versus Global Prediction Models.;344-353;10;Effort Estimation in New Environments;
2007;Jacek Ratzinger,Thomas Sigmund,Peter Vorburger,Harald C. Gall;Mining Software Evolution to Predict Refactoring.;354-363;10;Software Data Mining;
2007;Nachiappan Nagappan,Thomas A. Ball;Using Software Dependencies and Churn Metrics to Predict Field Failures: An Empirical Case Study.;364-373;10;Software Data Mining;
2007;Osamu Mizuno,Shiro Ikami,Shuya Nakaichi,Tohru Kikuno;Fault-Prone Filtering: Detection of Fault-Prone Modules Using Spam Filtering Technique.;374-383;10;Software Data Mining;
2007;Naoki Ohsugi,Akito Monden,Nahomi Kikuchi,Michael D. Barker,Masateru Tsunoda,Takeshi Kakimoto,Ken-ichi Matsumoto;Is This Cost Estimate Reliable? - The Relationship between Homogeneity of Analogues and Estimation Reliability.;384-392;9;Homogeneity in Effort Estimation;
2007;Rahul Premraj,Thomas Zimmermann 0001;Building Software Cost Estimation Models using Homogenous Data.;393-400;8;Homogeneity in Effort Estimation;
2007;Stephen G. MacDonell,Martin J. Shepperd;Comparing Local and Global Software Effort Estimation Models - Reflections on a Systematic Review.;401-409;9;Homogeneity in Effort Estimation;
2007;Byron J. Williams,Jeffrey Carver;Characterizing Software Architecture Changes: An Initial Study.;410-419;10;Empirical Studies of Architecture;
2007;Muhammad Ali Babar,Barbara A. Kitchenham;The Impact of Group Size on Software Architecture Evaluation: A Controlled Experiment.;420-429;10;Empirical Studies of Architecture;
2007;Muhammad Ali Babar,Dietmar Winkler,Stefan Biffl;Evaluating the Usefulness and Ease of Use of a Groupware Tool for the Software Architecture Evaluation Process.;430-439;10;Empirical Studies of Architecture;
2007;Stefan Wagner 0001;An Approach to Global Sensitivity Analysis: FAST on COCOMO.;440-442;3;Software Quality;
2007;Kyung-A Yoon,Oh-Sung Kwon,Doo-Hwan Bae;An Approach to Outlier Detection of Software Measurement Data using the K-means Clustering Method.;443-445;3;Software Quality;
2007;M. Hakan Erdogmus;A cost effectiveness indicator for software development.;446-448;3;Software Quality;
2007;Clemente Izurieta,James M. Bieman;How Software Designs Decay: A Pilot Study of Pattern Evolution.;449-451;3;Software Quality;
2007;Paul Luo Li,Randy Nakagawa,Rob Montroy;Estimating the Quality of Widely Used Software Products Using Software Reliability Growth Modeling: Case Study of an IBM Federated Database Project.;452-454;3;Software Quality;
2007;Miguel Perez-Francisco,Pablo Boronat Perez,Gregorio Robles;Correlation between bug notifications, messages and participants in Debian's bug tracking system.;455-457;3;Software Quality;
2007;Carina Andersson,Per Runeson;Investigating Test Teams' Defect Detection in Function test.;458-460;3;Software Quality;
2007;Shinsuke Matsumoto,Yasutaka Kamei,Akito Monden,Ken-ichi Matsumoto;Comparison of Outlier Detection Methods in Fault-proneness Models.;461-463;3;Software Quality;
2007;Marco Torchiano,Filippo Ricca,Massimiliano Di Penta;"""Talking tests"": a Preliminary Experimental Study on Fit User Acceptance Tests.";464-466;3;Software Quality;
2007;Ariadi Nugroho,Michel R. V. Chaudron;A Survey of the Practice of Design - Code Correspondence amongst Professional Software Engineers.;467-469;3;Empirical Research, Case Study Design, and Surveys;
2007;Christopher Ackermann,Forrest Shull,Ralf Carbon,Christian Denger,Mikael Lindvall;Assessing the Quality Impact of Design Inspections.;470-472;3;Empirical Research, Case Study Design, and Surveys;
2007;Fabio Calefato,Filippo Lanubile,Teresa Mallardo;A Controlled Experiment on the Effects of Synchronicity in Remote Inspection Meetings.;473-475;3;Empirical Research, Case Study Design, and Surveys;
2007;Jesal Bhuta,Sudeep Mallick,S. V. Subrahmanya;A Survey of Enterprise Software Development Risks in a Flat World.;476-478;3;Empirical Research, Case Study Design, and Surveys;
2007;Martin Host,Per Runeson;Checklists for Software Engineering Case Study Research.;479-481;3;Empirical Research, Case Study Design, and Surveys;
2007;John Bailey,David Budgen,Mark Turner,Barbara A. Kitchenham,Pearl Brereton,Stephen G. Linkman;Evidence relating to Object-Oriented software design: A survey.;482-484;3;Empirical Research, Case Study Design, and Surveys;
2007;Christian Denger,Raimund L. Feldmann,Martin Host,Christin Lindholm,Forrest Shull;A Snapshot of the State of Practice in Software Development for Medical Devices.;485-487;3;Empirical Research, Case Study Design, and Surveys;
2007;Victor R. Basili,Jens Heidrich,Mikael Lindvall,Jurgen Munch,Myrna Regardie,Adam Trendowicz;GQM;488-490;3;Empirical Research, Case Study Design, and Surveys;
2007;Daniela Cruzes,Victor R. Basili,Forrest Shull,Mario Jino;Automated Information Extraction from Empirical Software Engineering Literature: Is that possible?;491-493;3;Empirical Research, Case Study Design, and Surveys;
